Pdv;NOM PDV;RUE;Rue 2;CP;LOCALITE;Téléphone;E-Mail distributeur;Canal;Libellé;S-Canal;Libellé;Tête de groupe;Nom tête de groupe;Intercanal;Désignation Inter-canal;AGENCE COM.;Libellé;Chef vente;Libellé;Ingénieur Com;Libellé;Pdv en travaux
103007;INTER@'COM AUBENAS;7 PLACE GENERAL DE GAULLE;;7200;AUBENAS;04 75 35 36 82;sfraubenas@gmail.com;C3;C3 Réseau Direct;R5;Espace IND Zone ADSL;103000;INTER@'COM;IC08;INDEPENDANTS;AG02;Centre-Est PGP;Z08;D. Parent Claude;M17;R. Bodelle;NON
280147;AUDILEC MARMANDE;20 RUE CHARLES DE GAULLE;;47200;MARMANDE;05 53 20 98 47;seb.sfrmarmande@sfr.fr;C3;C3 Réseau Direct;R5;Espace IND Zone ADSL;1022291;ACR COMMUNICATION;IC08;INDEPENDANTS;AG06;Sud-Ouest PGP;Z12;N. Saint Esteben;M38;B. Pilat;NON
425010;JETTEL ST JULIEN LES VILLAS;1 BOULEVARD DE DIJON;;10800;SAINT JULIEN LES VILLAS;03 25 49 30 30;espacesfr.stjulien@jettel.fr;C3;C3 Réseau Direct;R5;Espace IND Zone ADSL;1001891;JETTEL;IC08;INDEPENDANTS;AG05;Nord-Est PGP;Z25;A. Laroche;M02;A. Cinari;NON
1000173;SPIRAL AVIGNON;11 RUE DE LA REPUBLIQUE;;84000;AVIGNON;04 90 85 03 39;kevin@gueudet.org;C3;C3 Réseau Direct;T5;Espace IND Zone THD;1012583;SPIRAL;IC08;INDEPENDANTS;AG04;Méditerranée PGP;Z16;S. Mattei;M27;D. Laurent;NON
1000460;ATW NICE MALAUSSENA;8 AVENUE MALAUSSENA;;6000;NICE;04 93 13 88 63;atwilan@orange.fr;C3;C3 Réseau Direct;T5;Espace IND Zone THD;1001837;ATW;IC08;INDEPENDANTS;AG04;Méditerranée PGP;Z10;F. Depreeuw;M31;P. Roby;NON
1000633;INTER COM VITRE;29 PLACE DE LA REPUBLIQUE;;35500;VITRE;02 99 75 38 74;espacesfr.vitre@free.fr;C3;C3 Réseau Direct;R5;Espace IND Zone ADSL;1000632;FERRON TELECOM;IC08;INDEPENDANTS;AG03;Ouest PGP;Z22;Y. Daniel;M86;S. Allain;NON
1000637;ALPHA MOBILES VILLENEUVE D'ASCQ;35 BOULEVARD DE VALMY;;59650;VILLENEUVE D'ASCQ;03 20 05 13 84;villeneuve@alphamobiles.com;C3;C3 Réseau Direct;S3;EspaceSFR indep 2009;1001807;ALPHA MOBILES SYSTEMES;IC08;INDEPENDANTS;AG05;Nord-Est PGP;Z24;A. Courouble;M10;C. Vidallet;NON
1000914;REVOLEA DUNKERQUE;88 BOULEVARD ALEXANDRE III;;59140;DUNKERQUE;03 28 66 99 99;revolea.dunkerque@sfr.fr;C3;C3 Réseau Direct;3I;EspaceSFR indep Nv.E;1033764;REVOLEA;IC08;INDEPENDANTS;AG05;Nord-Est PGP;Z05;MA. Roquette;M06;JM. Liagre;NON
1000967;E-LOGGER BOURG EN BRESSE;1 BOULEVARD DE BROU;;1000;BOURG EN BRESSE;04 74 24 68 31;bourg@highwayfrance.fr;C3;C3 Réseau Direct;T5;Espace IND Zone THD;1000411;HIGHWAY FRANCE;IC08;INDEPENDANTS;AG02;Centre-Est PGP;Z20;S. Verlant;M76;S. Benyoussef;NON
1001140;REVOLEA BOULOGNE SUR MER;2 RUE VICTOR HUGO;;62200;BOULOGNE SUR MER;03 21 30 67 67;revolea.boulogne@sfr.fr;C3;C3 Réseau Direct;R5;Espace IND Zone ADSL;1033764;REVOLEA;IC08;INDEPENDANTS;AG05;Nord-Est PGP;Z05;MA. Roquette;M14;M. Lesschave;NON
1001763;ALPHA MOBILES VALENCIENNES;12 RUE DU QUESNOY;;59300;VALENCIENNES;03 27 32 94 44;valenciennes@alphamobiles.com;C3;C3 Réseau Direct;R5;Espace IND Zone ADSL;1001807;ALPHA MOBILES SYSTEMES;IC08;INDEPENDANTS;AG05;Nord-Est PGP;Z23;F. Groux;M07;M. Matuszak;NON
1001766;ATW NICE MASSENA;4 RUE MASSENA;;6000;NICE;04 93 82 07 70;atwari@wanadoo.fr;C3;C3 Réseau Direct;T5;Espace IND Zone THD;1001837;ATW;IC08;INDEPENDANTS;AG04;Méditerranée PGP;Z10;F. Depreeuw;M31;P. Roby;NON
1001769;VDCOM PGP LA ROCHE S YON CLEMENCEAU;22 RUE GEORGES CLEMENCEAU;;85000;LA ROCHE SUR YON;02 51 47 89 88;vdcomlaroche@vdcom.fr;C3;C3 Réseau Direct;R5;Espace IND Zone ADSL;368000;VD COM SAS;IC08;INDEPENDANTS;AG03;Ouest PGP;Z22;Y. Daniel;M53;C. Dupont Mancel;NON
1001771;INTER@'COM PUY EN VELAY;3 BOULEVARD SAINT LOUIS;;43000;LE PUY EN VELAY;04 71 02 69 97;espacesfrlepuy@interacom.fr;C3;C3 Réseau Direct;R5;Espace IND Zone ADSL;103000;INTER@'COM;IC08;INDEPENDANTS;AG02;Centre-Est PGP;Z08;D. Parent Claude;M17;R. Bodelle;NON
1001778;MODULO CARTES LAVAL;13 RUE DU GENERAL DE GAULLE;;53000;LAVAL;02 43 49 17 62;laval@modulocartes.fr;C3;C3 Réseau Direct;S3;EspaceSFR indep 2009;1001777;MODULO CARTES GRAND PUBLIC;IC08;INDEPENDANTS;AG03;Ouest PGP;Z15;PAP CVR OUEST;M47;C. Miegebielle;NON
1001784;STAR AUTO II STRASBOURG.;6 RUE DU NOYER;;67000;STRASBOURG;03 88 23 68 68;espacesfr.strasbourg@sfr.fr;C3;C3 Réseau Direct;T5;Espace IND Zone THD;1001783;STAR AUTO;IC08;INDEPENDANTS;AG05;Nord-Est PGP;Z07;G. Dommain;M05;E. Feltes;NON
1001864;INTERCOM FOUGERES;11 BD JEAN JAURES;;35300;FOUGERES;02 99 94 84 20;sfrfougeres@ferrontelecom.com;C3;C3 Réseau Direct;R5;Espace IND Zone ADSL;1000632;FERRON TELECOM;IC08;INDEPENDANTS;AG03;Ouest PGP;Z22;Y. Daniel;M86;S. Allain;NON
1002192;EQUIP TEL NIMES;14 AVENUE DU GENERAL PERRIER;;30000;NIMES;04 66 76 05 02;espacesfr.nimes@gmail.com;C3;C3 Réseau Direct;T5;Espace IND Zone THD;1002191;EQUIP'AUTO;IC08;INDEPENDANTS;AG04;Méditerranée PGP;Z16;S. Mattei;M87;M. Gonzalez;NON
1002310;ALPHA MOBILES CAMBRAI;4 AVENUE DE LA VICTOIRE;;59400;CAMBRAI;03 27 82 45 93;cambrai@alphamobiles.com;C3;C3 Réseau Direct;R5;Espace IND Zone ADSL;1001807;ALPHA MOBILES SYSTEMES;IC08;INDEPENDANTS;AG05;Nord-Est PGP;Z24;A. Courouble;M11;C. Meresse;NON
1002484;AB TELECOM ANTIBES;2 BIS RUE DE LA REPUBLIQUE;;6600;ANTIBES;04 92 90 61 10;sfrantibes@gmail.com;C3;C3 Réseau Direct;R5;Espace IND Zone ADSL;1002483;AB TELECOM;IC08;INDEPENDANTS;AG04;Méditerranée PGP;Z10;F. Depreeuw;M37;D. Alcantara;NON
1002842;ATW NICE J MEDECIN;48 AVENUE JEAN MEDECIN;;6000;NICE;04 93 85 03 02;atwgad@wanadoo.fr;C3;C3 Réseau Direct;T5;Espace IND Zone THD;1001837;ATW;IC08;INDEPENDANTS;AG04;Méditerranée PGP;Z10;F. Depreeuw;M31;P. Roby;NON
1002907;RADIOTEL AUVERGNE MONTLUCON;51 BOULEVARD DE COURTAIS;;3100;MONTLUCON;04 70 29 07 07;montlucon@radiotel.fr;C3;C3 Réseau Direct;R5;Espace IND Zone ADSL;1049009;RADIOTEL AUVERGNE;IC08;INDEPENDANTS;AG02;Centre-Est PGP;Z09;A. Chareyron;M24;PAP 1 CE;NON
1002925;AB TELECOM CAGNES SUR MER;2 BOULEVARD MARECHAL JUIN;;6800;CAGNES SUR MER;04 92 02 97 06;sfrcagnes@gmail.com;C3;C3 Réseau Direct;R5;Espace IND Zone ADSL;1002483;AB TELECOM;IC08;INDEPENDANTS;AG04;Méditerranée PGP;Z10;F. Depreeuw;M37;D. Alcantara;NON
1002940;INTERCOM RENNES;3 RUE LE BASTARD;;35000;RENNES;02 99 78 86 10;sfrrennes@ferrontelecom.com;C3;C3 Réseau Direct;T5;Espace IND Zone THD;1000632;FERRON TELECOM;IC08;INDEPENDANTS;AG03;Ouest PGP;Z22;Y. Daniel;M09;P. Quilgars;NON
1003249;LCT TARBES;18 RUE DU MARECHAL FOCH;;65000;TARBES;05 62 93 33 50;sav.tarbes@lct.fr;C3;C3 Réseau Direct;R5;Espace IND Zone ADSL;1022367;LCT;IC08;INDEPENDANTS;AG06;Sud-Ouest PGP;Z26;R. Juan;M40;L. Pravie;NON
1003409;VD COM PGP CHOLET;118 RUE NATIONALE;PLACE TRAVOT;49300;CHOLET;02 41 29 07 50;vdcomcholet@vdcom.fr;C3;C3 Réseau Direct;R5;Espace IND Zone ADSL;368000;VD COM SAS;IC08;INDEPENDANTS;AG03;Ouest PGP;Z15;PAP CVR OUEST;M47;C. Miegebielle;NON
1003699;FOX TELECOM PROVINS;11 PLACE ST AYOUL;;77160;PROVINS;01 64 01 46 07;provins@foxtelecom.fr;C3;C3 Réseau Direct;R5;Espace IND Zone ADSL;1000683;FOX TELECOM;IC08;INDEPENDANTS;AG01;Ile-de-France PGP;Z19;J. Zenou;M70;A. Fakhour;NON
1003716;HAGUENAU TELECOM;65 GRANDE RUE;;67500;HAGUENAU;03 88 07 11 88;haguenau.telecom@gmail.com;C3;C3 Réseau Direct;T5;Espace IND Zone THD;1001883;FISCHER TELECOM SAS;IC08;INDEPENDANTS;AG05;Nord-Est PGP;Z28;T. Pilet;M79;A. Martinez;NON
1003838;CORSE GSM AJACCIO NAPOLEON 60;60 COURS NAPOLEON;;20000;AJACCIO;04 95 50 06 42;agence11@corsegsm.com;C3;C3 Réseau Direct;R5;Espace IND Zone ADSL;1011560;CORSE GSM / SOCODI;IC08;INDEPENDANTS;AG04;Méditerranée PGP;Z10;F. Depreeuw;M37;D. Alcantara;NON
1004037;AU RELAIS TELECOM COMPIEGNE;30 RUE DE SOLFERINO;;60200;COMPIEGNE;03 44 38 02 02;compiegne.sfr@aurelais.com;C3;C3 Réseau Direct;R5;Espace IND Zone ADSL;1002618;AU RELAIS TELECOM SA;IC08;INDEPENDANTS;AG05;Nord-Est PGP;Z23;F. Groux;M03;O. Lambin;NON
1004113;COM ' EURO CARCASSONNE;C CIAL GEANT SALVAZA;;11000;CARCASSONNE;04 68 47 56 93;comeurosfr@gmail.com;C3;C3 Réseau Direct;R5;Espace IND Zone ADSL;1007509;COM EURO;IC08;INDEPENDANTS;AG04;Méditerranée PGP;Z27;N. Salles;M72;N. De La Hoz;NON
1004166;AB TELECOM GRASSE;118 ROUTE DE CANNES;;6130;GRASSE;04 92 90 61 11;sfrgrasseplan@gmail.com;C3;C3 Réseau Direct;R5;Espace IND Zone ADSL;1002483;AB TELECOM;IC08;INDEPENDANTS;AG04;Méditerranée PGP;Z10;F. Depreeuw;M37;D. Alcantara;NON
1004206;WEB in FRANCE - SAINT GAUDENS;43 RUE DE LA REPUBLIQUE;;31800;SAINT GAUDENS;05 62 00 88 01;wif31@hotmail.fr;C3;C3 Réseau Direct;S3;EspaceSFR indep 2009;1022891;WEB IN FRANCE;IC08;INDEPENDANTS;AG06;Sud-Ouest PGP;Z26;R. Juan;M42;M. Mouhiddine;NON
1004293;NIORT TELECOM;7 RUE VICTOR HUGO;;79000;NIORT;05 49 08 18 88;espacesfrniorttelecom@yahoo.fr;C3;C3 Réseau Direct;S3;EspaceSFR indep 2009;1029866;NIORT TELECOM;IC08;INDEPENDANTS;AG06;Sud-Ouest PGP;Z13;D. Sauvanet;M44;P. Soetaert;NON
1004376;AU RELAIS TELECOM SOISSONS;17 RUE DU COMMERCE;;2200;SOISSONS;03 23 59 00 33;soissons.sfr@aurelais.com;C3;C3 Réseau Direct;R5;Espace IND Zone ADSL;1002618;AU RELAIS TELECOM SA;IC08;INDEPENDANTS;AG05;Nord-Est PGP;Z23;F. Groux;M04;N. Martel;NON
1004733;ESPACE COM CHATELLERAULT;59 BOULEVARD BLOSSAC;ALIPHONE;86100;CHATELLERAULT;05 49 85 80 30;bourbon@aliphone.fr;C3;C3 Réseau Direct;R5;Espace IND Zone ADSL;1011906;ALIPHONE;IC08;INDEPENDANTS;AG06;Sud-Ouest PGP;Z13;D. Sauvanet;M43;V. Bernard;NON
1004998;MERILAC-TELECOM AVENUE ORLEANS Rep.;16 RUE DE LA REPUBLIQUE;;45000;ORLEANS;02 38 74 78 00;espace.sfr.republique@gmail.com;C3;C3 Réseau Direct;T5;Espace IND Zone THD;1014026;MERILAC;IC08;INDEPENDANTS;AG03;Ouest PGP;Z15;PAP CVR OUEST;M48;PAP OUEST 1;NON
1006444;AU RELAIS TELECOM NOGENT SUR OISE;CCIAL AUCHAN;110 AVENUE DE L EUROPE;60180;NOGENT SUR OISE;03 44 53 70 06;nogent.sfr@aurelais.com;C3;C3 Réseau Direct;R5;Espace IND Zone ADSL;1002618;AU RELAIS TELECOM SA;IC08;INDEPENDANTS;AG05;Nord-Est PGP;Z23;F. Groux;M03;O. Lambin;NON
1006445;FORBACH TELECOM;118 RUE NATIONALE;;57600;FORBACH;03 87 88 71 11;forbach.telecom@gmail.com;C3;C3 Réseau Direct;R5;Espace IND Zone ADSL;1001883;FISCHER TELECOM SAS;IC08;INDEPENDANTS;AG05;Nord-Est PGP;Z07;G. Dommain;M77;G. Lacoste;NON
1006453;MODULO CARTES FLERS;2 RUE DE PARIS;;61100;FLERS;02 33 66 67 61;flers@modulocartes.fr;C3;C3 Réseau Direct;S3;EspaceSFR indep 2009;1001777;MODULO CARTES GRAND PUBLIC;IC08;INDEPENDANTS;AG03;Ouest PGP;Z21;G. Allain;M49;S. Menin;NON
1006506;ATLANTIC TELECOM CHATEAU D'OLONNE;C CIAL GEANT;CELLULE 15;85180;CHATEAU D'OLONNE;02 51 90 83 84;atlantic.telecom.ls@sfr.fr;C3;C3 Réseau Direct;S3;EspaceSFR indep 2009;1006505;ATLANTIC TELECOM;IC08;INDEPENDANTS;AG03;Ouest PGP;Z22;Y. Daniel;M53;C. Dupont Mancel;NON
1006507;ORIGAN COMMUNICATION MONTELIMAR;97 RUE PIERRE JULIEN;;26200;MONTELIMAR;04 75 00 91 38;origancom@gmail.com;C3;C3 Réseau Direct;T5;Espace IND Zone THD;138000;ORIGAN COMMUNICATIONS;IC08;INDEPENDANTS;AG02;Centre-Est PGP;Z08;D. Parent Claude;M17;R. Bodelle;NON
1006688;QUICK NET ALBI;26 RUE AUGUSTIN MALROUX;;81000;ALBI;05 63 43 00 66;sfr.albi@quicknet.fr;C3;C3 Réseau Direct;R5;Espace IND Zone ADSL;1017907;QUICK NET;IC08;INDEPENDANTS;AG06;Sud-Ouest PGP;Z26;R. Juan;M39;I. Trift;NON
1006787;FOX TELECOM R SENS;78 RUE DE LA REPUBLIQUE;;89100;SENS;03 86 83 78 37;sens@foxtelecom.fr;C3;C3 Réseau Direct;R5;Espace IND Zone ADSL;1000683;FOX TELECOM;IC08;INDEPENDANTS;AG02;Centre-Est PGP;Z20;S. Verlant;M22;J. Salvat;NON
1007281;PLANETE TELECOM MELUN;21 RUE RENE POUTEAU;;77000;MELUN;01 64 52 88 88;rpv.melun@planetetelecom.com;C3;C3 Réseau Direct;T5;Espace IND Zone THD;1001061;PLANETE TELECOM;IC08;INDEPENDANTS;AG01;Ile-de-France PGP;Z19;J. Zenou;M70;A. Fakhour;NON
1007349;ESPACE COM' POITIERS - ALIPHONE;23 RUE DES GRANDES ECOLES;;86000;POITIERS;05 49 45 00 14;poitiers-cv@aliphone.fr;C3;C3 Réseau Direct;3I;EspaceSFR indep Nv.E;1011906;ALIPHONE;IC08;INDEPENDANTS;AG06;Sud-Ouest PGP;Z13;D. Sauvanet;M43;V. Bernard;
1007353;RADIOTEL AUVERGNE MOULINS;39 RUE D'ALLIER;;3000;MOULINS;04 70 20 24 51;moulins@radiotel.fr;C3;C3 Réseau Direct;R5;Espace IND Zone ADSL;1049009;RADIOTEL AUVERGNE;IC08;INDEPENDANTS;AG02;Centre-Est PGP;Z09;A. Chareyron;M24;PAP 1 CE;NON
1007357;EQUIP AUTO - EQUIP TEL ALES;7 RUE DE LA REPUBLIQUE;;30100;ALES;04 66 52 02 59;espacesfr.ales@gmail.com;C3;C3 Réseau Direct;R5;Espace IND Zone ADSL;1002191;EQUIP'AUTO;IC08;INDEPENDANTS;AG04;Méditerranée PGP;Z16;S. Mattei;M87;M. Gonzalez;NON
1007539;AB COM 2000 VINCENNES;12 AVENUE DU CHATEAU;;94300;VINCENNES;01 43 98 43 43;espace.vincennes@abcom2000.com;C3;C3 Réseau Direct;T5;Espace IND Zone THD;1004536;AB COM 2000;IC08;INDEPENDANTS;AG01;Ile-de-France PGP;Z02;D. Sartori;M69;A. Marcel;NON
1008269;TIME AUBERVILLIERS;5 AVENUE JEAN JAURES;;93300;AUBERVILLIERS;01 53 56 19 99;time3000aubervilliersespacesfr2@hotmail.fr;C3;C3 Réseau Direct;T5;Espace IND Zone THD;1008300;TIME AUBERVILLIERS;IC08;INDEPENDANTS;AG01;Ile-de-France PGP;Z01;S. Morin;M71;B. Masset;NON
1008304;MDSL GROUPE BEYNOST;C CIAL BEYNOST II;;1700;BEYNOST;04 78 55 13 81;beynost@espacesfr-mdsl.fr;C3;C3 Réseau Direct;S3;EspaceSFR indep 2009;1033822;MDSL GROUPE;IC08;INDEPENDANTS;AG02;Centre-Est PGP;Z20;S. Verlant;M76;S. Benyoussef;NON
1008307;PHONEVASION BRIANCON;1 RUE CENTRALE;;5100;BRIANCON;04 92 21 01 89;espacesfr.briancon@sfr.fr;C3;C3 Réseau Direct;R5;Espace IND Zone ADSL;1010248;PHONEVASION;IC08;INDEPENDANTS;AG04;Méditerranée PGP;Z16;S. Mattei;M27;D. Laurent;NON
1008309;ALPHA MOBILES LILLE GAMBETTA;280 RUE GAMBETTA;;59000;LILLE;03 20 30 02 66;lille.gambetta@alphamobiles.com;C3;C3 Réseau Direct;T5;Espace IND Zone THD;1001807;ALPHA MOBILES SYSTEMES;IC08;INDEPENDANTS;AG05;Nord-Est PGP;Z05;MA. Roquette;M08;L. Ghemmaz;NON
1009643;SPIRAL - CAVAILLON;36 PLACE GAMBETTA;;84300;CAVAILLON;04 90 76 26 74;kevin@gueudet.org;C3;C3 Réseau Direct;T5;Espace IND Zone THD;1021280;SPIRAL;IC08;INDEPENDANTS;AG04;Méditerranée PGP;Z16;S. Mattei;M27;D. Laurent;NON
1010213;STRASBOURG TELECOM;30 PLACE KLEBER;;67000;STRASBOURG;03 88 21 90 01;strasbourg.telecom@neuf.fr;C3;C3 Réseau Direct;T5;Espace IND Zone THD;1001883;FISCHER TELECOM SAS;IC08;INDEPENDANTS;AG05;Nord-Est PGP;Z07;G. Dommain;M05;E. Feltes;NON
1010322;E-LOGGER AIX LES BAINS;7 PLACE CARNOT;;73100;AIX LES BAINS;04 79 88 85 26;quentin.grelet@highwayfrance.fr;C3;C3 Réseau Direct;R5;Espace IND Zone ADSL;1000411;HIGHWAY FRANCE;IC08;INDEPENDANTS;AG02;Centre-Est PGP;Z08;D. Parent Claude;M16;A. Diouani;NON
1011229;RADIOTEL AUVERGNE VICHY;22 RUE GEORGES CLEMENCEAU;;3200;VICHY;04 70 31 07 17;vichy@radiotel.fr;C3;C3 Réseau Direct;R5;Espace IND Zone ADSL;1049009;RADIOTEL AUVERGNE;IC08;INDEPENDANTS;AG02;Centre-Est PGP;Z09;A. Chareyron;M24;PAP 1 CE;NON
1011372;PLANETE TELECOM MEAUX;C CIAL LES SAISONS DE MEAUX;3 AV ROLAND MORENO, 1er Etage;77124;CHAUCONIN NEUFMONTIERS;01 60 44 59 29;rpv.meaux@planetetelecom.com;C3;C3 Réseau Direct;T5;Espace IND Zone THD;1001061;PLANETE TELECOM;IC08;INDEPENDANTS;AG01;Ile-de-France PGP;Z19;J. Zenou;M74;J. Bertout;NON
1011703;MODULO CARTES ARGENTAN;4 RUE DE LA CHAUSSEE;;61200;ARGENTAN;02 33 35 86 89;argentan@modulocartes.fr;C3;C3 Réseau Direct;R5;Espace IND Zone ADSL;1001777;MODULO CARTES GRAND PUBLIC;IC08;INDEPENDANTS;AG03;Ouest PGP;Z21;G. Allain;M49;S. Menin;NON
1011733;POLE COMMUNICATION ST DIE DES VOSGE;22 RUE THIERS;;88100;SAINT DIE DES VOSGES;03 29 42 17 45;polecommunication.stdie@gmail.com;C3;C3 Réseau Direct;R5;Espace IND Zone ADSL;1022444;POLE COMMUNICATION;IC08;INDEPENDANTS;AG05;Nord-Est PGP;Z25;A. Laroche;M78;S. Issele;NON
1012151;PHILLIPPS TELECOM SAVERNE;100 GRANDE RUE;;67700;SAVERNE;03 88 71 29 39;phillipps.telecom@live.fr;C3;C3 Réseau Direct;S3;EspaceSFR indep 2009;1012151;PHILLIPPS TELECOM SAVERNE;IC08;INDEPENDANTS;AG05;Nord-Est PGP;Z07;G. Dommain;M77;G. Lacoste;NON
1012406;B&J VILLEFRANCHE;102 BIS AVENUE DU QUERCY;;12200;VILLEFRANCHE DE ROUERGUE;05 65 45 74 10;bj.villefranche@averontel.com;C3;C3 Réseau Direct;R5;Espace IND Zone ADSL;1047543;B&J VILLEFRANCHE;IC08;INDEPENDANTS;AG06;Sud-Ouest PGP;Z26;R. Juan;M39;I. Trift;NON
1012593;FOX TELECOM MONTEREAU;ESPACE COMMERCIAL LE BREAU;;77130;MONTEREAU FAULT YONNE;01 64 70 70 00;montereau@foxtelecom.fr;C3;C3 Réseau Direct;R5;Espace IND Zone ADSL;1000683;FOX TELECOM;IC08;INDEPENDANTS;AG01;Ile-de-France PGP;Z19;J. Zenou;M70;A. Fakhour;NON
1012595;LCT PAU;22/24 RUE SERVIEZ;PALAIS DES PYRENEES;64000;PAU;05 59 98 49 65;espacesfr.pau@lct.fr;C3;C3 Réseau Direct;T5;Espace IND Zone THD;1022367;LCT;IC08;INDEPENDANTS;AG06;Sud-Ouest PGP;Z12;N. Saint Esteben;M85;N.Bardou;NON
1013026;SARREGUEMINES TELECOM;20 RUE DE L'EGLISE;;57200;SARREGUEMINES;03 87 28 70 64;sarreguemines.telecom@gmail.com;C3;C3 Réseau Direct;T5;Espace IND Zone THD;1001883;FISCHER TELECOM SAS;IC08;INDEPENDANTS;AG05;Nord-Est PGP;Z07;G. Dommain;M77;G. Lacoste;NON
1013203;MDSL GROUPE CC BOURGOIN JALLIEU;C CIAL LECLERC;15 AVENUE HENRI BARBUSSE;38300;BOURGOIN JALLIEU;04 37 03 05 57;bourgoin@espacesfr-mdsl.fr;C3;C3 Réseau Direct;S3;EspaceSFR indep 2009;1033822;MDSL GROUPE;IC08;INDEPENDANTS;AG02;Centre-Est PGP;Z08;D. Parent Claude;M18;N. Manai Fayollat;NON
1013415;SIMONEM ESPACE MEDIA ROYAN;5 COURS DE L EUROPE;;17200;ROYAN;05 46 22 25 00;royanespacesfr@gmail.com;C3;C3 Réseau Direct;S3;EspaceSFR indep 2009;1001869;SIMONEM/ESPACE MEDIA;IC08;INDEPENDANTS;AG06;Sud-Ouest PGP;Z13;D. Sauvanet;M44;P. Soetaert;NON
1013695;CORSE GSM AJACCIO MEZZAVIA;C CIAL GEANT MEZZAVIA;;20167;AJACCIO;04 95 20 15 15;agence10@corsegsm.com;C3;C3 Réseau Direct;R5;Espace IND Zone ADSL;1011560;CORSE GSM / SOCODI;IC08;INDEPENDANTS;AG04;Méditerranée PGP;Z10;F. Depreeuw;M37;D. Alcantara;NON
1013696;CORSE GSM Ccial ROCADE FURIANI;C CIAL LA ROCADE - RN193;;20600;FURIANI;04 95 30 55 30;agence8@corsegsm.com;C3;C3 Réseau Direct;R5;Espace IND Zone ADSL;1011560;CORSE GSM / SOCODI;IC08;INDEPENDANTS;AG04;Méditerranée PGP;Z10;F. Depreeuw;M37;D. Alcantara;NON
1014055;GAMES GENERATION TONALITE GARDANNE;C CIAL CARREFOUR MARKET;;13120;GARDANNE;04 42 51 41 55;magtona@hotmail.fr;C3;C3 Réseau Direct;R5;Espace IND Zone ADSL;1036738;GAMES GENERATION TONALITE;IC08;INDEPENDANTS;AG04;Méditerranée PGP;Z11;L. Limbal;M34;N. Bordji;NON
1014147;INTERCOM LANNION;14 QUAI DE L'AIGUILLON;;22300;LANNION;02 96 46 44 44;sfrlannion@ferrontelecom.com;C3;C3 Réseau Direct;S3;EspaceSFR indep 2009;1000632;FERRON TELECOM;IC08;INDEPENDANTS;AG03;Ouest PGP;Z22;Y. Daniel;M09;P. Quilgars;NON
1014448;RED CELL VERSAILLES;9 RUE DUCIS;;78000;VERSAILLES;01 39 24 08 08;espace.redcell@gmail.com;C3;C3 Réseau Direct;T5;Espace IND Zone THD;1014447;RED CELL;IC08;INDEPENDANTS;AG01;Ile-de-France PGP;Z01;S. Morin;M63;Y. Ahsinat;NON
1014781;ABC COM CHALON GRANDE RUE;38 GRANDE RUE;;71100;CHALON SUR SAONE;03 85 94 91 70;espacesfr.granderue@abccom.fr;C3;C3 Réseau Direct;T5;Espace IND Zone THD;869000;ABC COM;IC08;INDEPENDANTS;AG02;Centre-Est PGP;Z20;S. Verlant;M19;V. Bruneau;NON
1015020;ALOUETTE TELECOM LES HERBIERS;19 PLACE DES DROITS DE L'HOMME;;85500;LES HERBIERS;02 51 92 98 38;sfrlesherbiers@sfr.fr;C3;C3 Réseau Direct;R5;Espace IND Zone ADSL;1025582;ALOUETTE TELECOM;IC08;INDEPENDANTS;AG03;Ouest PGP;Z22;Y. Daniel;M53;C. Dupont Mancel;NON
1015425;RADIOTEL AUVERGNE RIOM;CC CARREFOUR RIOM SUD;AVENUE DE CLERMONT;63200;MENETROL;04 15 32 14 80;riom@radiotel.fr;C3;C3 Réseau Direct;R5;Espace IND Zone ADSL;1049009;RADIOTEL AUVERGNE;IC08;INDEPENDANTS;AG02;Centre-Est PGP;Z09;A. Chareyron;M24;PAP 1 CE;NON
1016000;INTER COM GRANVILLE;69 RUE DE COURAYE;;50400;GRANVILLE;02 33 91 29 35;sfrgranville@ferrontelecom.com;C3;C3 Réseau Direct;R5;Espace IND Zone ADSL;1000632;FERRON TELECOM;IC08;INDEPENDANTS;AG03;Ouest PGP;Z21;G. Allain;M49;S. Menin;NON
1016524;ALPHA MOBILES ARRAS;2 RUE PASTEUR;;62000;ARRAS;03 21 23 78 18;arras@alphamobiles.com;C3;C3 Réseau Direct;R5;Espace IND Zone ADSL;1001807;ALPHA MOBILES SYSTEMES;IC08;INDEPENDANTS;AG05;Nord-Est PGP;Z05;MA. Roquette;M14;M. Lesschave;NON
1016540;REVOLEA MAUBEUGE;37 AVENUE DE FRANCE;;59600;MAUBEUGE;03 27 58 07 95;revolea.maubeuge@sfr.fr;C3;C3 Réseau Direct;R5;Espace IND Zone ADSL;1033764;REVOLEA;IC08;INDEPENDANTS;AG05;Nord-Est PGP;Z23;F. Groux;M07;M. Matuszak;NON
1016541;AUDIOPHONE CREPY EN VALOIS;4 PLACE MICHEL DUPUY;;60800;CREPY EN VALOIS;03 44 39 04 04;sfrcrepyenvalois@audiophone.net;C3;C3 Réseau Direct;R5;Espace IND Zone ADSL;1017128;AUDIOPHONE;IC08;INDEPENDANTS;AG05;Nord-Est PGP;Z23;F. Groux;M03;O. Lambin;NON
1016542;COVERCOM DIJON LIBERTE;24 RUE DE LA LIBERTE;;21000;DIJON;03 80 50 87 50;dijon1@covercom.fr;C3;C3 Réseau Direct;T5;Espace IND Zone THD;1000412;COVERCOM;IC08;INDEPENDANTS;AG02;Centre-Est PGP;Z20;S. Verlant;M22;J. Salvat;NON
1016545;CARRE PHONE LYON;71 AVENUE DES FRERES LUMIERE;;69008;LYON;04 78 09 08 95;lyon8@carrephone.fr;C3;C3 Réseau Direct;T5;Espace IND Zone THD;1016545;CARRE PHONE LYON;IC08;INDEPENDANTS;AG02;Centre-Est PGP;Z08;D. Parent Claude;M15;A. Mallet;NON
1016546;AB COM 2000 NEUILLY SUR SEINE;12 RUE MADELEINE MICHELIS;;92200;NEUILLY SUR SEINE;01 40 88 00 01;espace.neuilly@abcom2000.com;C3;C3 Réseau Direct;T5;Espace IND Zone THD;1004536;AB COM 2000;IC08;INDEPENDANTS;AG01;Ile-de-France PGP;Z02;D. Sartori;M68;G. Bricard;NON
1016547;BREST TELEPHONE JEAN JAURES;9 RUE JEAN JAURES;;29200;BREST;02 98 46 20 09;michael.cunin@wanadoo.fr;C3;C3 Réseau Direct;T5;Espace IND Zone THD;1000432;BREST TELEPHONE;IC08;INDEPENDANTS;AG03;Ouest PGP;Z22;Y. Daniel;M52;T. Picquot;NON
1016592;PROCOM SARL - PROCOM LA CIOTAT;ZAC DE L'ANCRE MARINE;CHEMIN DU PUITS DE BRUNET;13600;LA CIOTAT;04 42 03 00 43;espacesfrancremarine@gmail.com;C3;C3 Réseau Direct;R5;Espace IND Zone ADSL;1013569;PRO LAUGIL - PROCOM;IC08;INDEPENDANTS;AG04;Méditerranée PGP;Z11;L. Limbal;M28;L. Cusimano;NON
1016853;SARREBOURG TELECOM;24 GRANDE RUE;;57400;SARREBOURG;03 87 03 45 20;sarrebourg.telecom@neuf.fr;C3;C3 Réseau Direct;R5;Espace IND Zone ADSL;1001883;FISCHER TELECOM SAS;IC08;INDEPENDANTS;AG05;Nord-Est PGP;Z07;G. Dommain;M77;G. Lacoste;NON
1016865;MODULO CARTES MAYENNE;36 PLACE GEORGES CLEMENCEAU;;53100;MAYENNE;02 43 32 19 09;mayenne@modulocartes.fr;C3;C3 Réseau Direct;3I;EspaceSFR indep Nv.E;1001777;MODULO CARTES GRAND PUBLIC;IC08;INDEPENDANTS;AG03;Ouest PGP;Z15;PAP CVR OUEST;M47;C. Miegebielle;NON
1017114;JETTEL TROYES ZOLA;87 RUE EMILE ZOLA;;10000;TROYES;03 25 73 20 20;espacesfr.zola@jettel.fr;C3;C3 Réseau Direct;R5;Espace IND Zone ADSL;1001891;JETTEL;IC08;INDEPENDANTS;AG05;Nord-Est PGP;Z25;A. Laroche;M02;A. Cinari;NON
1017120;TEMPO TELEPHONIE ROUEN;C CIAL SAINT SEVER;LOCAL N° 119 D - RDC;76100;ROUEN;02 32 83 52 94;espacesfr.rouen@sfr.fr;C3;C3 Réseau Direct;T5;Espace IND Zone THD;1017119;TAPES RECORDS;IC08;INDEPENDANTS;AG03;Ouest PGP;Z21;G. Allain;M51;P. Fosse;NON
1017129;AUDIOPHONE CHATEAU THIERRY;13 RUE CHARLES DE GAULLE;;2400;CHATEAU THIERRY;03 23 69 02 07;sfrchateauthierry@audiophone.net;C3;C3 Réseau Direct;R5;Espace IND Zone ADSL;1017128;AUDIOPHONE;IC08;INDEPENDANTS;AG05;Nord-Est PGP;Z23;F. Groux;M04;N. Martel;NON
1017131;PLANETE MOBILES MONT SAINT MARTIN;C CIAL AUCHAN POLE EUROPE;1 AVENUE DE L'EUROPE;54350;MONT SAINT MARTIN;03 82 23 13 99;planete-mobiles-auchan@neuf.fr;C3;C3 Réseau Direct;R5;Espace IND Zone ADSL;1017130;PROTTI;IC08;INDEPENDANTS;AG05;Nord-Est PGP;Z25;A. Laroche;M78;S. Issele;NON
1017375;CORSE GSM CORTE;C CIAL SUPER CASINO;ALLEE DU 9 SEPTEMBRE;20250;CORTE;04 95 34 44 34;agence4@corsegsm.com;C3;C3 Réseau Direct;R5;Espace IND Zone ADSL;1011560;CORSE GSM / SOCODI;IC08;INDEPENDANTS;AG04;Méditerranée PGP;Z10;F. Depreeuw;M37;D. Alcantara;NON
1017677;ABC COM CHALON BANQUE;15 RUE DE LA BANQUE;;71100;CHALON SUR SAONE;03 85 93 00 15;espacesfr.banque@abccom.fr;C3;C3 Réseau Direct;3I;EspaceSFR indep Nv.E;869000;ABC COM;IC08;INDEPENDANTS;AG02;Centre-Est PGP;Z20;S. Verlant;M19;V. Bruneau;
1017679;COVERCOM DIJON 2;28/30 RUE MUSETTE;;21000;DIJON;03 80 30 59 88;dijon2@covercom.fr;C3;C3 Réseau Direct;T5;Espace IND Zone THD;1000412;COVERCOM;IC08;INDEPENDANTS;AG02;Centre-Est PGP;Z20;S. Verlant;M22;J. Salvat;NON
1017702;SEVE FRANCE LIVRY GARGAN;79 /85 AV DU GENERAL NORDING;;93190;LIVRY GARGAN;01 43 30 58 54;seve-france@hotmail.fr;C3;C3 Réseau Direct;R5;Espace IND Zone ADSL;935000;SEVE FRANCE;IC08;INDEPENDANTS;AG01;Ile-de-France PGP;Z01;S. Morin;M64;F. Chaudhry;NON
1017793;TIME MILLENAIRE;19 B RUE MADELEINE VIONNET;;93300;AUBERVILLIERS;01 43 52 30 00;espacesfrmillenaire@hotmail.fr;C3;C3 Réseau Direct;T5;Espace IND Zone THD;1048969;TIME MILLENAIRE;IC08;INDEPENDANTS;AG01;Ile-de-France PGP;Z01;S. Morin;M71;B. Masset;NON
1018472;SELESTAT TELECOM;12 RUE DES CHEVALIERS;;67600;SELESTAT;03 88 82 80 40;selestat.telecom@gmail.com;C3;C3 Réseau Direct;T5;Espace IND Zone THD;1001883;FISCHER TELECOM SAS;IC08;INDEPENDANTS;AG05;Nord-Est PGP;Z07;G. Dommain;M05;E. Feltes;NON
1018482;NOAM MARSEILLE;159 RUE DE ROME;;13006;MARSEILLE;04 91 48 77 67;ruederome@sfrnoam.fr;C3;C3 Réseau Direct;T5;Espace IND Zone THD;1024941;NOAM TDG;IC08;INDEPENDANTS;AG04;Méditerranée PGP;Z11;L. Limbal;M28;L. Cusimano;NON
1018777;BJ ASSOCIES RODEZ;22 RUE NEUVE;;12000;RODEZ;05 65 68 20 18;bj.rodez@averontel.com;C3;C3 Réseau Direct;R5;Espace IND Zone ADSL;1016001;BJ ASSOCIES;IC08;INDEPENDANTS;AG06;Sud-Ouest PGP;Z26;R. Juan;M39;I. Trift;NON
1018779;DIFFUSELECT CASTRES;27 ROUTE DE TOULOUSE;;81100;CASTRES;05 63 59 03 86;adv@sfr-castres.fr;C3;C3 Réseau Direct;S3;EspaceSFR indep 2009;1018778;DIFFUSELECT;IC08;INDEPENDANTS;AG06;Sud-Ouest PGP;Z26;R. Juan;M39;I. Trift;NON
1018781;ALPHA MOBILES DUNKERQUE;48 BOULEVARD ALEXANDRE III;;59140;DUNKERQUE;03 28 51 15 06;dunkerque@alphamobiles.com;C3;C3 Réseau Direct;T5;Espace IND Zone THD;1001807;ALPHA MOBILES SYSTEMES;IC08;INDEPENDANTS;AG05;Nord-Est PGP;Z05;MA. Roquette;M06;JM. Liagre;NON
1018992;ROUGE COMMUNICATION VILLEFRANCHE;840 RUE NATIONALE;;69400;VILLEFRANCHE SUR SAONE;04 74 60 43 99;audrey@grouperouge.com;C3;C3 Réseau Direct;T5;Espace IND Zone THD;1023397;ROUGE COMMUNICATION;IC08;INDEPENDANTS;AG02;Centre-Est PGP;Z09;A. Chareyron;M23;S. Benyamina;NON
1019486;AB COM 2000 LEVALLOIS PERRET;55 RUE DU PRESIDENT WILSON;;92300;LEVALLOIS PERRET;01 40 87 18 18;espace.levallois@abcom2000.com;C3;C3 Réseau Direct;T5;Espace IND Zone THD;1004536;AB COM 2000;IC08;INDEPENDANTS;AG01;Ile-de-France PGP;Z02;D. Sartori;M68;G. Bricard;NON
1019521;ALPHA MOBILES DOUAI;35 RUE DE BELAIN;;59500;DOUAI;03 27 08 11 42;douai@alphamobiles.com;C3;C3 Réseau Direct;R5;Espace IND Zone ADSL;1001807;ALPHA MOBILES SYSTEMES;IC08;INDEPENDANTS;AG05;Nord-Est PGP;Z05;MA. Roquette;M08;L. Ghemmaz;NON
1019600;CREUTZWALD TELECOM;GALERIE COMMERCIALE CC LECLERC;ZONE ARTISANALE;57150;CREUTZWALD;03 87 93 22 38;sfr.creutzwaldtelecom@gmail.com;C3;C3 Réseau Direct;R5;Espace IND Zone ADSL;1001883;FISCHER TELECOM SAS;IC08;INDEPENDANTS;AG05;Nord-Est PGP;Z07;G. Dommain;M77;G. Lacoste;NON
1019621;AB COM 2000 PARIS 12;221 AVENUE DAUMESNIL;;75012;PARIS;01 40 01 05 55;espace.daumesnil@abcom2000.com;C3;C3 Réseau Direct;T5;Espace IND Zone THD;1004536;AB COM 2000;IC08;INDEPENDANTS;AG01;Ile-de-France PGP;Z06;O. Fernandes;M61;S. El Korbi;NON
1020632;ABC COM LE CREUSOT;53 RUE DU MARECHAL FOCH;;71200;LE CREUSOT;03 85 73 07 77;espacesfr.lecreusot@abccom.fr;C3;C3 Réseau Direct;R5;Espace IND Zone ADSL;869000;ABC COM;IC08;INDEPENDANTS;AG02;Centre-Est PGP;Z20;S. Verlant;M19;V. Bruneau;NON
1021196;CODITEL ISSOIRE;C CIAL CARREFOUR - LOCAL 2BIS;ZAC DES PRES - RUE JEAN BIGOT;63500;ISSOIRE;04 73 89 30 74;coditel@sfr.fr;C3;C3 Réseau Direct;R5;Espace IND Zone ADSL;1021196;CODITEL ISSOIRE;IC08;INDEPENDANTS;AG02;Centre-Est PGP;Z09;A. Chareyron;M20;S. Colnel;NON
1021216;COVERCOM MONTBELIARD;64 RUE CUVIER;;25200;MONTBELIARD;03 81 32 06 36;montbeliard@covercom.fr;C3;C3 Réseau Direct;T5;Espace IND Zone THD;1000412;COVERCOM;IC08;INDEPENDANTS;AG02;Centre-Est PGP;Z20;S. Verlant;M75;L Schmitt;NON
1021964;CORSE GSM PORTO VECCHIO;C CIAL GEANT;;20137;PORTO VECCHIO;04 95 72 02 02;agence15@corsegsm.com;C3;C3 Réseau Direct;R5;Espace IND Zone ADSL;1011560;CORSE GSM / SOCODI;IC08;INDEPENDANTS;AG04;Méditerranée PGP;Z10;F. Depreeuw;M37;D. Alcantara;NON
1021973;BREST TELEPHONE GOUESNOU;C CIAL GÉANT - No  B9;29  RUE DU GOUESNOU;29200;BREST;02 98 42 20 24;michael.cunin@wanadoo.fr;C3;C3 Réseau Direct;T5;Espace IND Zone THD;1000432;BREST TELEPHONE;IC08;INDEPENDANTS;AG03;Ouest PGP;Z22;Y. Daniel;M52;T. Picquot;NON
1021995;CORSE GSM ILE ROUSSE;BOULEVARD DE FOGATA;RESIDENCE ISOLA CELESTE;20220;ILE ROUSSE;04 95 60 16 03;agence7@corsegsm.com;C3;C3 Réseau Direct;D3;Dist SFR PDM 2010;1011560;CORSE GSM / SOCODI;IC08;INDEPENDANTS;AG04;Méditerranée PGP;Z10;F. Depreeuw;M37;D. Alcantara;NON
1022032;CORSE GSM AJACCIO NAPOLEON 22;22 COURS NAPOLEON;;20000;AJACCIO;04 95 50 51 94;agence12@corsegsm.com;C3;C3 Réseau Direct;R5;Espace IND Zone ADSL;1011560;CORSE GSM / SOCODI;IC08;INDEPENDANTS;AG04;Méditerranée PGP;Z10;F. Depreeuw;M37;D. Alcantara;NON
1022036;CORSE GSM MORIANI SAN NICOLAO;C CIAL CALA  DI SOGNU;;20230;SAN NICOLAO;04 95 36 34 47;agence3@corsegsm.com;C3;C3 Réseau Direct;D3;Dist SFR PDM 2010;1011560;CORSE GSM / SOCODI;IC08;INDEPENDANTS;AG04;Méditerranée PGP;Z10;F. Depreeuw;M37;D. Alcantara;NON
1022037;CORSE GSM CALVI;6 AVENUE DE LA REPUBLIQUE;;20260;CALVI;04 95 65 02 00;agence14@corsegsm.com;C3;C3 Réseau Direct;D3;Dist SFR PDM 2010;1011560;CORSE GSM / SOCODI;IC08;INDEPENDANTS;AG04;Méditerranée PGP;Z10;F. Depreeuw;M37;D. Alcantara;NON
1022038;CORSE GSM SIEGE FURIANI;IMMEUBLE GAZZO RN 193;;20600;FURIANI;04 95 30 53 61;agence2@corsegsm.com;C3;C3 Réseau Direct;D3;Dist SFR PDM 2010;1011560;CORSE GSM / SOCODI;IC08;INDEPENDANTS;AG04;Méditerranée PGP;Z10;F. Depreeuw;M37;D. Alcantara;NON
1022042;AB COM BOULOGNE BILLANCOURT;175 BOULEVARD JEAN JAURES;;92100;BOULOGNE BILLANCOURT;01 55 60 21 21;espace.boulogne@abcom2000.com;C3;C3 Réseau Direct;T5;Espace IND Zone THD;1004536;AB COM 2000;IC08;INDEPENDANTS;AG01;Ile-de-France PGP;Z02;D. Sartori;M68;G. Bricard;NON
1022095;STAR AUTO DORLISHEIM;C CIAL CORA;1 RUE MERCURE;67120;DORLISHEIM;03 88 38 12 12;espacesfr.dorlisheim@sfr.fr;C3;C3 Réseau Direct;T5;Espace IND Zone THD;1001783;STAR AUTO;IC08;INDEPENDANTS;AG05;Nord-Est PGP;Z28;T. Pilet;M79;A. Martinez;NON
1022109;MERILAC ORLEANS SUD;RUE BRILLAT SAVARIN;ZONE EXPO SUD;45100;ORLEANS;02 38 24 80 80;sfr.orleans.sud@sfr.fr;C3;C3 Réseau Direct;T5;Espace IND Zone THD;1014026;MERILAC;IC08;INDEPENDANTS;AG03;Ouest PGP;Z15;PAP CVR OUEST;M48;PAP OUEST 1;NON
1022279;LCT MAZAMET;ZI de la Molière;;81200;MAZAMET;05 63 97 90 03;espacesfr.mazamet@lct.fr;C3;C3 Réseau Direct;R5;Espace IND Zone ADSL;1022367;LCT;IC08;INDEPENDANTS;AG06;Sud-Ouest PGP;Z26;R. Juan;M39;I. Trift;NON
1022348;ALPHA MOBILES BRUAY;C CIAL CORA;1115 AV DE LA LIBERATION;62700;BRUAY LA BUISSIERE;03 21 62 50 14;bruay@alphamobiles.com;C3;C3 Réseau Direct;T5;Espace IND Zone THD;1001807;ALPHA MOBILES SYSTEMES;IC08;INDEPENDANTS;AG05;Nord-Est PGP;Z24;A. Courouble;M11;C. Meresse;NON
1022352;H COM YVETOT;14 PLACE DE L HOTEL DE VILLE;;76190;YVETOT;02 35 95 33 26;s.thomas@hubb.fr;C3;C3 Réseau Direct;S3;EspaceSFR indep 2009;1017862;H COM;IC08;INDEPENDANTS;AG03;Ouest PGP;Z21;G. Allain;M55;Y. Thorel;NON
1022463;AUDIOPHONE SAINT QUENTIN;14 RUE DES TOILES;;2100;SAINT QUENTIN;03 23 08 40 00;sfrstquentin@audiophone.net;C3;C3 Réseau Direct;R5;Espace IND Zone ADSL;1017128;AUDIOPHONE;IC08;INDEPENDANTS;AG05;Nord-Est PGP;Z23;F. Groux;M04;N. Martel;NON
1022587;VD COM PGP CHALLANS;122 BIS RUE CARNOT;LIEU DIT LA JUISIERE;85300;CHALLANS;02 51 35 18 18;vdcomchallans@vdcom.fr;C3;C3 Réseau Direct;R5;Espace IND Zone ADSL;368000;VD COM SAS;IC08;INDEPENDANTS;AG03;Ouest PGP;Z22;Y. Daniel;M53;C. Dupont Mancel;NON
1022634;RADIOTEL AUVERGNE MONTBRISON;2 PLACE DES COMBATTANTS;;42600;MONTBRISON;04 77 24 47 12;montbrison@radiotel.fr;C3;C3 Réseau Direct;R5;Espace IND Zone ADSL;1049009;RADIOTEL AUVERGNE;IC08;INDEPENDANTS;AG02;Centre-Est PGP;Z09;A. Chareyron;M20;S. Colnel;NON
1022694;MOBILE SETE BALARUC LE VIEUX;C CIAL BALARUC;;34540;BALARUC LE VIEUX;04 67 78 59 69;directionmobilesete@gmail.com;C3;C3 Réseau Direct;R5;Espace IND Zone ADSL;1025858;MOBILE SETE;IC08;INDEPENDANTS;AG04;Méditerranée PGP;Z27;N. Salles;M33;A. Villedieu;NON
1022737;TIME ORDENER PARIS;110 RUE ORDENER;;75018;PARIS;01 53 09 30 00;espacesfrordener@hotmail.fr;C3;C3 Réseau Direct;T5;Espace IND Zone THD;1048982;TIME ORDENER;IC08;INDEPENDANTS;AG01;Ile-de-France PGP;Z01;S. Morin;M71;B. Masset;NON
1022739;BCP DIFFUSION LUNEVILLE;6 PLACE LEOPOLD;;54300;LUNEVILLE;03 83 75 55 17;bcpdiffusion@wanadoo.fr;C3;C3 Réseau Direct;R5;Espace IND Zone ADSL;1024001;BCP DIFFUSION;IC08;INDEPENDANTS;AG05;Nord-Est PGP;Z25;A. Laroche;M78;S. Issele;NON
1022928;ABC COM LONS LE SAUNIER;25 RUE SAINT DESIRE;;39000;LONS LE SAUNIER;03 84 43 49 00;espacesfr.lons@abccom.fr;C3;C3 Réseau Direct;R5;Espace IND Zone ADSL;869000;ABC COM;IC08;INDEPENDANTS;AG02;Centre-Est PGP;Z20;S. Verlant;M19;V. Bruneau;NON
1022974;AS TELECOM COGOLIN;71 AVENUE DE CLEMENCEAU;;83310;COGOLIN;04 94 54 06 69;sfrcogolin@as-telecom.fr;C3;C3 Réseau Direct;R5;Espace IND Zone ADSL;1016944;YOMELI;IC08;INDEPENDANTS;AG04;Méditerranée PGP;Z10;F. Depreeuw;M30;K. Said Mohamed;NON
1023242;BLUE TELECOM LAVANDOU;7 AVENUE DU GENERAL DE GAULLE;;83980;LE LAVANDOU;04 94 22 14 63;espacetelecom3@wanadoo.fr;C3;C3 Réseau Direct;S3;EspaceSFR indep 2009;1023242;BLUE TELECOM LAVANDOU;IC08;INDEPENDANTS;AG04;Méditerranée PGP;Z10;F. Depreeuw;M30;K. Said Mohamed;NON
1023251;VEGA DIFFUSION HYERES;6 AVENUE GAMBETTA;;83400;HYERES;04 94 12 72 96;vega.diffusion.hyeres@sfr.fr;C3;C3 Réseau Direct;R5;Espace IND Zone ADSL;1023476;VEGA DIFFUSION;IC08;INDEPENDANTS;AG04;Méditerranée PGP;Z16;S. Mattei;M29;M. Castaldo;NON
1023398;ROUGE COMMUNICATION ANNEMASSE;C CIAL GEANT;;74100;ANNEMASSE;04 50 38 90 71;vincent@grouperouge.com;C3;C3 Réseau Direct;R5;Espace IND Zone ADSL;1023397;ROUGE COMMUNICATION;IC08;INDEPENDANTS;AG02;Centre-Est PGP;Z20;S. Verlant;M76;S. Benyoussef;NON
1023402;AKMAG CHATEAUBRIANT;3 PLACE DE LA MOTTE;;44110;CHATEAUBRIANT;02 40 81 07 67;magchateau@a2points.fr;C3;C3 Réseau Direct;R5;Espace IND Zone ADSL;1036456;AKMAG;IC08;INDEPENDANTS;AG03;Ouest PGP;Z22;Y. Daniel;M81;C. Jaud;NON
1023468;ESPACE COM THOUARS SAINTE VERGE;C CIAL LECLERC;;79100;SAINTE VERGE;05 49 66 63 20;thouars@aliphone.fr;C3;C3 Réseau Direct;S3;EspaceSFR indep 2009;1011906;ALIPHONE;IC08;INDEPENDANTS;AG06;Sud-Ouest PGP;Z13;D. Sauvanet;M44;P. Soetaert;NON
1023505;LCT LOURDES;24 PLACE MARCADAL;;65100;LOURDES;05 62 42 57 35;espacesfr.lourdes@lct.fr;C3;C3 Réseau Direct;V3;Corner Indep 2009;1022367;LCT;IC08;INDEPENDANTS;AG06;Sud-Ouest PGP;Z26;R. Juan;M40;L. Pravie;NON
1023553;RED CELL - VAUGIRARD PARIS 15;314 RUE DE VAUGIRARD;;75015;PARIS;01 45 30 55 55;espace.redcell@gmail.com;C3;C3 Réseau Direct;T5;Espace IND Zone THD;1014447;RED CELL;IC08;INDEPENDANTS;AG01;Ile-de-France PGP;Z02;D. Sartori;M67;S. Vayn;NON
1023586;EM COMMUNICATION SALON DE PROVENCE;85 COURS CARNOT;;13300;SALON DE PROVENCE;04 90 56 33 80;sfr.saloncentre@gmail.com;C3;C3 Réseau Direct;R5;Espace IND Zone ADSL;1023585;EM COMMUNICATION;IC08;INDEPENDANTS;AG04;Méditerranée PGP;Z11;L. Limbal;M36;P. Grau;NON
1023613;DETOWIN HAZEBROUCK;C CIAL CARREFOUR;PARC DE LA CREULE;59190;HAZEBROUCK;03 28 41 55 80;detowin.hazebrouck@detowin.com;C3;C3 Réseau Direct;R5;Espace IND Zone ADSL;1023612;DETOWIN;IC08;INDEPENDANTS;AG05;Nord-Est PGP;Z05;MA. Roquette;M08;L. Ghemmaz;NON
1023614;DETOWIN AIRE SUR LA LYS;C CIAL CARREFOUR VAL DE LYS;AVENUE DE L'EUROPE;62120;AIRE SUR LA LYS;03 21 39 88 29;detowin.airesurlalys@detowin.fr;C3;C3 Réseau Direct;R5;Espace IND Zone ADSL;1023612;DETOWIN;IC08;INDEPENDANTS;AG05;Nord-Est PGP;Z05;MA. Roquette;M14;M. Lesschave;NON
1023659;SAINT JEAN TELECOM NANCY;33 RUE ST JEAN;;54000;NANCY;03 83 37 57 85;saint.jean.telecom@neuf.fr;C3;C3 Réseau Direct;T5;Espace IND Zone THD;1001883;FISCHER TELECOM SAS;IC08;INDEPENDANTS;AG05;Nord-Est PGP;Z07;G. Dommain;M01;S. Raas;NON
1023853;LA BOUTIQUE DU GSM CAMBRAI;C CIAL AUCHAN;2 RUE JEAN JAURES;59161;ESCAUDOEUVRES;03 27 82 30 30;sfrauchancambrai@gmail.com;C3;C3 Réseau Direct;R5;Espace IND Zone ADSL;1002342;TELE SON SERVICE;IC08;INDEPENDANTS;AG05;Nord-Est PGP;Z24;A. Courouble;M11;C. Meresse;NON
1023881;ESPACE COM BRESSUIRE;31 RUE GAMBETTA;;79300;BRESSUIRE;05 49 82 08 52;bressuire@aliphone.fr;C3;C3 Réseau Direct;R5;Espace IND Zone ADSL;1011906;ALIPHONE;IC08;INDEPENDANTS;AG06;Sud-Ouest PGP;Z13;D. Sauvanet;M44;P. Soetaert;NON
1023972;ANJOU LIAISONS RADIO ANGERS;1 AVENUE BESNARDIERE;;49100;ANGERS;02 41 43 45 48;richard.pery.alr@gmail.com;C3;C3 Réseau Direct;T5;Espace IND Zone THD;1023971;ANJOU LIAISONS RADIO;IC08;INDEPENDANTS;AG03;Ouest PGP;Z15;PAP CVR OUEST;M47;C. Miegebielle;NON
1024004;TEMPO TELEPHONIE 2 PONT AUDEMER;30 RUE DE LA REPUBLIQUE;;27500;PONT AUDEMER;02 32 41 28 60;espacesfr.pa@sfr.fr;C3;C3 Réseau Direct;R5;Espace IND Zone ADSL;1017119;TAPES RECORDS;IC08;INDEPENDANTS;AG03;Ouest PGP;Z21;G. Allain;M51;P. Fosse;NON
1024026;JETTEL ROMILLY SUR SEINE;C CIAL LECLERC - ZA BELLE IDEE;;10100;ROMILLY SUR SEINE;03 25 21 02 31;espacesfr.romilly@jettel.fr;C3;C3 Réseau Direct;R5;Espace IND Zone ADSL;1001891;JETTEL;IC08;INDEPENDANTS;AG05;Nord-Est PGP;Z25;A. Laroche;M02;A. Cinari;NON
1024032;COME IN GP DINAN;09 RUE DE LA FERRONNERIE;;22100;DINAN;02 96 87 59 77;dinan2@come-in.fr;C3;C3 Réseau Direct;R5;Espace IND Zone ADSL;1001865;COME IN GRAND PUBLIC;IC08;INDEPENDANTS;AG03;Ouest PGP;Z22;Y. Daniel;M09;P. Quilgars;NON
1024056;BREST TELEPHONE LANDERNEAU;52 QUAI DE LEON;;29800;LANDERNEAU;02 29 62 36 06;espacesfrlanderneau@sfr.fr;C3;C3 Réseau Direct;3I;EspaceSFR indep Nv.E;1000432;BREST TELEPHONE;IC08;INDEPENDANTS;AG03;Ouest PGP;Z22;Y. Daniel;M52;T. Picquot;NON
1024114;FOX TELECOM AUXERRE 2;C CIAL GEANT;;89000;AUXERRE;03 86 18 14 14;auxerre2@foxtelecom.fr;C3;C3 Réseau Direct;R5;Espace IND Zone ADSL;1000683;FOX TELECOM;IC08;INDEPENDANTS;AG02;Centre-Est PGP;Z20;S. Verlant;M22;J. Salvat;NON
1024190;INTER'COM CARCASSONNE;C CIAL LECLERC;ALIBERT;11000;CARCASSONNE;04 68 71 01 48;espacesfrintercom@gmail.com;C3;C3 Réseau Direct;R5;Espace IND Zone ADSL;1024190;INTER'COM CARCASSONNE;IC08;INDEPENDANTS;AG04;Méditerranée PGP;Z27;N. Salles;M72;N. De La Hoz;NON
1024194;PHONEVASION GAP LECLERC;C CIAL LECLERC;;5000;GAP;04 92 20 00 90;sfrgapleclerc@aol.com;C3;C3 Réseau Direct;R5;Espace IND Zone ADSL;1010248;PHONEVASION;IC08;INDEPENDANTS;AG04;Méditerranée PGP;Z16;S. Mattei;M27;D. Laurent;NON
1024199;LA PUCE A L'OREILLE ST DENIS;1 PLACE JEAN JAURES;PLACE DU MARCHE - PARKING MARCHE;93200;SAINT DENIS;01 42 43 14 22;sfr1024199@hotmail.fr;C3;C3 Réseau Direct;T5;Espace IND Zone THD;1024199;LA PUCE A L'OREILLE ST DENIS;IC08;INDEPENDANTS;AG01;Ile-de-France PGP;Z01;S. Morin;M71;B. Masset;NON
1024203;DOMI COM PARIS 7;60 RUE SAINT DOMINIQUE;;75007;PARIS;01 45 50 24 24;espace.redcell@gmail.com;C3;C3 Réseau Direct;T5;Espace IND Zone THD;1024203;DOMI COM PARIS 7;IC08;INDEPENDANTS;AG01;Ile-de-France PGP;Z06;O. Fernandes;M61;S. El Korbi;NON
1024364;VD COM ANCENIS;325 BOULEVARD DE LA PRAIRIE;;44150;ANCENIS;02 40 98 04 04;vdcomancenis@vdcom.fr;C3;C3 Réseau Direct;R5;Espace IND Zone ADSL;368000;VD COM SAS;IC08;INDEPENDANTS;AG03;Ouest PGP;Z22;Y. Daniel;M81;C. Jaud;NON
1024460;ATLANTIC TELECOM ST GILLES;37 QUAI DU PORT FIDELE;;85800;SAINT GILLES CROIX DE VIE;02 51 26 95 80;atlantic.telecom.saintgilles@sfr.fr;C3;C3 Réseau Direct;S3;EspaceSFR indep 2009;1006505;ATLANTIC TELECOM;IC08;INDEPENDANTS;AG03;Ouest PGP;Z22;Y. Daniel;M53;C. Dupont Mancel;NON
1024484;DETOWIN ABBEVILLE;18 RUE DES LINGERS;;80100;ABBEVILLE;03 64 24 59 77;detowin.abbeville@detowin.com;C3;C3 Réseau Direct;R5;Espace IND Zone ADSL;1023612;DETOWIN;IC08;INDEPENDANTS;AG05;Nord-Est PGP;Z24;A. Courouble;M11;C. Meresse;NON
1024586;ESPACE 06 GISORS;14 RUE DU GENERAL DE GAULLE;;27140;GISORS;02 32 55 22 70;sfrespacegisors@gmail.com;C3;C3 Réseau Direct;R5;Espace IND Zone ADSL;1024588;ESPACE 06;IC08;INDEPENDANTS;AG03;Ouest PGP;Z21;G. Allain;M51;P. Fosse;NON
1024591;ESPACE COM PARTHENAY;BOULEVARD DE L EUROPE;;79200;PARTHENAY;05 49 63 23 38;parthenay@aliphone.fr;C3;C3 Réseau Direct;R5;Espace IND Zone ADSL;1011906;ALIPHONE;IC08;INDEPENDANTS;AG06;Sud-Ouest PGP;Z13;D. Sauvanet;M44;P. Soetaert;NON
1024598;CDT COMPTOIR DES TELECOMS MOISSAC;13 RUE DE LA REPUBLIQUE;;82200;MOISSAC;05 63 32 49 35;espace.sfr.moissac@sfr.fr;C3;C3 Réseau Direct;S3;EspaceSFR indep 2009;1024598;CDT COMPTOIR DES TELECOMS MOISSAC;IC08;INDEPENDANTS;AG06;Sud-Ouest PGP;Z26;R. Juan;M39;I. Trift;NON
1024643;GRADICOM GRADIGNAN;138 COURS DU GENERAL DE GAULLE;;33170;GRADIGNAN;05 56 89 83 52;gradicom1@gmail.com;C3;C3 Réseau Direct;T5;Espace IND Zone THD;1026898;GRADICOM;IC08;INDEPENDANTS;AG06;Sud-Ouest PGP;Z12;N. Saint Esteben;M38;B. Pilat;NON
1024676;ISM BOURGES;32 CHAUSSEE DE CHAPPE;;18000;BOURGES;02 48 02 55 55;compta.ism@sfr.fr;C3;C3 Réseau Direct;R5;Espace IND Zone ADSL;1024675;ISM;IC08;INDEPENDANTS;AG03;Ouest PGP;Z15;PAP CVR OUEST;M48;PAP OUEST 1;NON
1024713;B&J FIGEAC;7 RUE GAMBETTA;;46100;FIGEAC;05 65 11 41 76;bj.figeac@averontel.com;C3;C3 Réseau Direct;R5;Espace IND Zone ADSL;1047542;B&J FIGEAC;IC08;INDEPENDANTS;AG06;Sud-Ouest PGP;Z12;N. Saint Esteben;M41;V. Queyreix;NON
1024816;RADIOTEL AUVERGNE BELLERIVE;C CIAL LECLERC;RUE RHIN ET DANUBE;3700;BELLERIVE SUR ALLIER;04 70 59 87 86;bellerive@radiotel.fr;C3;C3 Réseau Direct;R5;Espace IND Zone ADSL;1049009;RADIOTEL AUVERGNE;IC08;INDEPENDANTS;AG02;Centre-Est PGP;Z09;A. Chareyron;M24;PAP 1 CE;NON
1024942;NOAM PORT DE BOUC;C CIAL CARREFOUR;;13110;PORT DE BOUC;04 42 40 11 11;pdb@sfrnoam.fr;C3;C3 Réseau Direct;T5;Espace IND Zone THD;1024941;NOAM TDG;IC08;INDEPENDANTS;AG04;Méditerranée PGP;Z11;L. Limbal;M36;P. Grau;NON
1024951;ALPHA MOBILES LILLE CENTRE;4 RUE SEC AREMBAULT;;59000;LILLE;03 20 55 85 55;lille.centre@alphamobiles.com;C3;C3 Réseau Direct;T5;Espace IND Zone THD;1001807;ALPHA MOBILES SYSTEMES;IC08;INDEPENDANTS;AG05;Nord-Est PGP;Z05;MA. Roquette;M08;L. Ghemmaz;NON
1024957;J.A.F.F. AUBAGNE;145 CHEMIN DE MERLANCON;ROUTE DE LA BEDOULE;13400;AUBAGNE;04 42 04 05 05;frederic.msika@sfr.fr;C3;C3 Réseau Direct;R5;Espace IND Zone ADSL;1024957;J.A.F.F. AUBAGNE;IC08;INDEPENDANTS;AG04;Méditerranée PGP;Z11;L. Limbal;M36;P. Grau;NON
1025007;AKMAG LA FLECHE;41 GRANDE RUE;;72200;LA FLECHE;02 43 45 23 23;magfleche@a2points.com;C3;C3 Réseau Direct;3I;EspaceSFR indep Nv.E;1036456;AKMAG;IC08;INDEPENDANTS;AG03;Ouest PGP;Z15;PAP CVR OUEST;M54;N. Ait Ouaret;NON
1025109;ATW NICE REPUBLIQUE;44 BIS AVENUE DE LA REPUBLIQUE;ANGLE DE LA RUE BARLA;6300;NICE;04 93 14 30 24;atwaudrey@orange.fr;C3;C3 Réseau Direct;T5;Espace IND Zone THD;1001837;ATW;IC08;INDEPENDANTS;AG04;Méditerranée PGP;Z10;F. Depreeuw;M31;P. Roby;NON
1025110;GENERATION MOBILE OLORON Ste MARIE;9 RUE DE LA JUSTICE;;64400;OLORON SAINTE MARIE;05 59 36 15 81;gm6432@gmail.com;C3;C3 Réseau Direct;S3;EspaceSFR indep 2009;1025110;GENERATION MOBILE OLORON Ste MARIE;IC08;INDEPENDANTS;AG06;Sud-Ouest PGP;Z12;N. Saint Esteben;M85;N.Bardou;NON
1025166;JV TELECOM PUTEAUX;113 RUE JEAN JAURES;;92800;PUTEAUX;01 40 90 92 19;espace.puteaux@sfr.fr;C3;C3 Réseau Direct;T5;Espace IND Zone THD;1031730;JV TELECOM;IC08;INDEPENDANTS;AG01;Ile-de-France PGP;Z19;J. Zenou;M65;M. Benhamma;NON
1025218;DSM FONTENAY LE COMTE;18 RUE DE LA REPUBLIQUE;;85200;FONTENAY LE COMTE;02 51 00 55 54;dsm.fontenay@cegetel.net;C3;C3 Réseau Direct;R5;Espace IND Zone ADSL;1025218;DSM FONTENAY LE COMTE;IC08;INDEPENDANTS;AG03;Ouest PGP;Z22;Y. Daniel;M53;C. Dupont Mancel;NON
1025221;AKMAG SAUMUR CC;CCIAL LECLERC;;49400;SAUMUR;02 41 40 73 92;maglec@a2points.com;C3;C3 Réseau Direct;R5;Espace IND Zone ADSL;1036456;AKMAG;IC08;INDEPENDANTS;AG03;Ouest PGP;Z15;PAP CVR OUEST;M47;C. Miegebielle;NON
1025334;CERNAY TELECOM;C CIAL LECLERC;6 AVENUE D'ALSACE;68700;CERNAY;03 89 26 25 29;cernay.telecom@gmail.com;C3;C3 Réseau Direct;R5;Espace IND Zone ADSL;1001883;FISCHER TELECOM SAS;IC08;INDEPENDANTS;AG05;Nord-Est PGP;Z28;T. Pilet;M80;N. Bader;NON
1025470;COME IN GP PONTIVY;66 RUE NATIONALE;;56300;PONTIVY;02 97 25 32 31;pontivy@come-in.fr;C3;C3 Réseau Direct;R5;Espace IND Zone ADSL;1001865;COME IN GRAND PUBLIC;IC08;INDEPENDANTS;AG03;Ouest PGP;Z22;Y. Daniel;M86;S. Allain;NON
1025504;CORSE GSM BASTIA 39;39 BOULEVARD PAOLI;;20600;BASTIA;04 95 30 50 30;agence17@corsegsm.com;C3;C3 Réseau Direct;R5;Espace IND Zone ADSL;1011560;CORSE GSM / SOCODI;IC08;INDEPENDANTS;AG04;Méditerranée PGP;Z10;F. Depreeuw;M37;D. Alcantara;NON
1025525;VEGA DIFFUSION BRIGNOLES;C CIAL LECLERC;ZAC DE SAINT JEAN;83170;BRIGNOLES;04 94 72 58 18;vega.diffusion@sfr.fr;C3;C3 Réseau Direct;R5;Espace IND Zone ADSL;1023476;VEGA DIFFUSION;IC08;INDEPENDANTS;AG04;Méditerranée PGP;Z10;F. Depreeuw;M30;K. Said Mohamed;NON
1025542;G MAX BOLLENE;C CIAL QUARTIER LES SERVATTES;;84500;BOLLENE;04 90 60 50 98;sfr.bollene@yahoo.fr;C3;C3 Réseau Direct;R5;Espace IND Zone ADSL;1026459;G MAX;IC08;INDEPENDANTS;AG04;Méditerranée PGP;Z11;L. Limbal;M34;N. Bordji;NON
1025572;SOLYTEM FIRMINY;83 RUE JEAN JAURES;;42700;FIRMINY;04 77 61 48 55;solyfirm@yahoo.fr;C3;C3 Réseau Direct;S3;EspaceSFR indep 2009;1025571;SOLYTEM;IC08;INDEPENDANTS;AG02;Centre-Est PGP;Z09;A. Chareyron;M20;S. Colnel;NON
1025630;AU RELAIS TELECOM CC LAON;RUE ROMANETTE;C CIAL CARREFOUR;2000;LAON;03 23 20 28 35;laoncc.sfr@aurelais.com;C3;C3 Réseau Direct;R5;Espace IND Zone ADSL;1002618;AU RELAIS TELECOM SA;IC08;INDEPENDANTS;AG05;Nord-Est PGP;Z23;F. Groux;M04;N. Martel;NON
1025654;CYPERL ST JEAN DE LUZ;8 BOULEVARD THIERS;;64500;SAINT JEAN DE LUZ;05 59 51 03 32;sfrstjeandeluz@yahoo.fr;C3;C3 Réseau Direct;R5;Espace IND Zone ADSL;1034266;CYPERL;IC08;INDEPENDANTS;AG06;Sud-Ouest PGP;Z12;N. Saint Esteben;M85;N.Bardou;NON
1025737;HERTEL MOBILE ARPAJON;4 RUE GAMBETTA;;91290;ARPAJON;01 69 26 02 68;espace.arpajon@sfr.fr;C3;C3 Réseau Direct;R5;Espace IND Zone ADSL;1025736;HERTEL MOBILE;IC08;INDEPENDANTS;AG01;Ile-de-France PGP;Z18;P. Kim;M73;C. Remus;NON
1025738;HERTEL MOBILE ETAMPES;27 PLACE NOTRE DAME;;91150;ETAMPES;01 64 94 98 38;espace.etampes@sfr.fr;C3;C3 Réseau Direct;R5;Espace IND Zone ADSL;1025736;HERTEL MOBILE;IC08;INDEPENDANTS;AG01;Ile-de-France PGP;Z01;S. Morin;M63;Y. Ahsinat;NON
1025826;MONDIAL TELEPHONIE;33 RUE DE LA REPUBLIQUE;;30200;BAGNOLS SUR CEZE;04 66 39 56 57;mondialtelephonie@yahoo.fr;C3;C3 Réseau Direct;S3;EspaceSFR indep 2009;1025826;MONDIAL TELEPHONIE;IC08;INDEPENDANTS;AG04;Méditerranée PGP;Z16;S. Mattei;M87;M. Gonzalez;NON
1025842;COVERCOM BEAUNE 2;C CIAL  ST JACQUES  HYPER CARREFOUR;;21200;BEAUNE;03 80 22 87 35;beaune2@covercom.fr;C3;C3 Réseau Direct;R5;Espace IND Zone ADSL;1000412;COVERCOM;IC08;INDEPENDANTS;AG02;Centre-Est PGP;Z20;S. Verlant;M22;J. Salvat;NON
1025859;MOBILE SETE JUVIGNAC;C CIAL LES PORTES DU SOLEIL;LANGUEDOCIE;34990;JUVIGNAC;04 67 75 06 85;espacesfrjuvignac@yahoo.fr;C3;C3 Réseau Direct;R5;Espace IND Zone ADSL;1025858;MOBILE SETE;IC08;INDEPENDANTS;AG04;Méditerranée PGP;Z27;N. Salles;M88;PAP2 MED;NON
1026171;VD COM LUCON;10 RUE GEORGES CLEMENCEAU;;85400;LUCON;02 51 28 99 94;vdcomlucon@vdcom.fr;C3;C3 Réseau Direct;S3;EspaceSFR indep 2009;368000;VD COM SAS;IC08;INDEPENDANTS;AG03;Ouest PGP;Z22;Y. Daniel;M53;C. Dupont Mancel;NON
1026291;AUDIOPHONE CHAUNY;36 RUE DE LA REPUBLIQUE;;2300;CHAUNY;03 23 37 03 64;sfrchauny@audiophone.net;C3;C3 Réseau Direct;R5;Espace IND Zone ADSL;1017128;AUDIOPHONE;IC08;INDEPENDANTS;AG05;Nord-Est PGP;Z23;F. Groux;M04;N. Martel;NON
1026382;EQUIP TEL ALES MAS D'HOURS;C CIAL CAP CEVENNES;QUAI DU MAS D'HOURS;30100;ALES;04 66 85 08 50;espacesfr.capcevennes@gmail.com;C3;C3 Réseau Direct;R5;Espace IND Zone ADSL;1002191;EQUIP'AUTO;IC08;INDEPENDANTS;AG04;Méditerranée PGP;Z16;S. Mattei;M87;M. Gonzalez;NON
1026420;JAC SALON DE PROVENCE;C CIAL  LECLERC LES VIOUGUES;;13300;SALON DE PROVENCE;04 90 55 05 50;espacesfrjac@sfr.fr;C3;C3 Réseau Direct;R5;Espace IND Zone ADSL;1026420;JAC SALON DE PROVENCE;IC08;INDEPENDANTS;AG04;Méditerranée PGP;Z11;L. Limbal;M36;P. Grau;NON
1026482;GRADICOM LANGON;60 RUE MAUBEC;;33210;LANGON;05 56 63 33 40;gradicom.langon@gmail.com;C3;C3 Réseau Direct;R5;Espace IND Zone ADSL;1026898;GRADICOM;IC08;INDEPENDANTS;AG06;Sud-Ouest PGP;Z12;N. Saint Esteben;M82;L. Pages;NON
1026745;RED CELL SAINT GERMAIN EN LAYE;10 RUE DE POLOGNE;;78100;SAINT GERMAIN EN LAYE;01 34 51 08 00;espace.redcell@gmail.com;C3;C3 Réseau Direct;T5;Espace IND Zone THD;1014447;RED CELL;IC08;INDEPENDANTS;AG01;Ile-de-France PGP;Z01;S. Morin;M63;Y. Ahsinat;NON
1026746;PROCALL MANDELIEU;C CIAL DES TOURRADES;N7 AV ST EXUPERY - ALLEE H BOUCHER;6210;MANDELIEU LA NAPOULE;04 93 49 62 94;procall.sav@gmail.com;C3;C3 Réseau Direct;R5;Espace IND Zone ADSL;1026719;PROCALL;IC08;INDEPENDANTS;AG04;Méditerranée PGP;Z10;F. Depreeuw;M37;D. Alcantara;NON
1026764;SATMI TELECOM HAGUENAU OUEST;12 ALLEE JOSEPH  BUMB;;67500;HAGUENAU;03 88 09 26 50;satmi.telecomhaguenau@sfr.fr;C3;C3 Réseau Direct;T5;Espace IND Zone THD;1028399;SATMI TELECOM;IC08;INDEPENDANTS;AG05;Nord-Est PGP;Z28;T. Pilet;M79;A. Martinez;NON
1026819;DSM LIMOGES;11 RUE DU CLOCHER;;87000;LIMOGES;05 55 12 62 22;mezeguer.remi@yahoo.fr;C3;C3 Réseau Direct;T5;Espace IND Zone THD;1026817;DSM;IC08;INDEPENDANTS;AG06;Sud-Ouest PGP;Z13;D. Sauvanet;M43;V. Bernard;NON
1026820;DSM ANGOULEME;39/41 RUE HERGE;;16000;ANGOULEME;05 45 22 81 21;dsm.equipe@yahoo.fr;C3;C3 Réseau Direct;S3;EspaceSFR indep 2009;1026817;DSM;IC08;INDEPENDANTS;AG06;Sud-Ouest PGP;Z13;D. Sauvanet;M46;G. Besseyre;NON
1026826;DETOWIN DURY;C CIAL AUCHAN AMIENS SUD;ROUTE DE PARIS;80480;DURY;03 22 89 64 21;detowin.amiens@detowin.com;C3;C3 Réseau Direct;R5;Espace IND Zone ADSL;1023612;DETOWIN;IC08;INDEPENDANTS;AG05;Nord-Est PGP;Z24;A. Courouble;M11;C. Meresse;NON
1026932;LA LIGNE ROUGE PARIS MENILMONTANT;6 RUE DE MENILMONTANT;;75020;PARIS;01 71 75 71 17;espacesfr.menilmontant@gmail.com;C3;C3 Réseau Direct;T5;Espace IND Zone THD;1033601;LA LIGNE ROUGE;IC08;INDEPENDANTS;AG01;Ile-de-France PGP;Z18;P. Kim;M62;JT. Louis Charles;NON
1027015;ALIPHONE POITIERS 8 MAI 45;C CIAL  AUCHAN POITIERS SUD;250 AVENUE DU 8 MAI 1945;86000;POITIERS;05 49 88 60 21;poitiers-sud@aliphone.fr;C3;C3 Réseau Direct;R5;Espace IND Zone ADSL;1011906;ALIPHONE;IC08;INDEPENDANTS;AG06;Sud-Ouest PGP;Z13;D. Sauvanet;M43;V. Bernard;NON
1027168;E-LOGGER ANNECY;6 RUE VAUGELAS;;74000;ANNECY;04 50 23 38 00;annecy@highwayfrance.fr;C3;C3 Réseau Direct;T5;Espace IND Zone THD;1000411;HIGHWAY FRANCE;IC08;INDEPENDANTS;AG02;Centre-Est PGP;Z08;D. Parent Claude;M16;A. Diouani;NON
1027173;TELECOM SAINT-TROPEZ;C CIAL LA FOUX;;83580;GASSIN;04 94 96 23 59;telecom.sainttropez@sfr.fr;C3;C3 Réseau Direct;R5;Espace IND Zone ADSL;1027173;TELECOM SAINT-TROPEZ;IC08;INDEPENDANTS;AG04;Méditerranée PGP;Z10;F. Depreeuw;M30;K. Said Mohamed;NON
1027570;MOZAICOMM COLOMIERS;24 RUE DU CENTRE;;31770;COLOMIERS;05 34 50 53 44;sfr.colomiers@mozaicomm.fr;C3;C3 Réseau Direct;3I;EspaceSFR indep Nv.E;1027566;MOZAICOMM;IC08;INDEPENDANTS;AG06;Sud-Ouest PGP;Z26;R. Juan;M40;L. Pravie;NON
1028306;DYNAMICOM SAINT OUEN;75 AVENUE GABRIEL PERI;;93400;SAINT OUEN;01 40 10 09 87;dynamicom@yahoo.fr;C3;C3 Réseau Direct;T5;Espace IND Zone THD;1035544;DYNAMICOM;IC08;INDEPENDANTS;AG01;Ile-de-France PGP;Z01;S. Morin;M71;B. Masset;NON
1028401;SATMI TELECOM STRASBOURG OUEST;40 RUE CHARLES PEGUY;;67200;STRASBOURG;03 88 28 06 19;satmi.telecomstrasbourg@sfr.fr;C3;C3 Réseau Direct;T5;Espace IND Zone THD;1028399;SATMI TELECOM;IC08;INDEPENDANTS;AG05;Nord-Est PGP;Z07;G. Dommain;M05;E. Feltes;NON
1028498;ESPACE 06 BERNAY;38 RUE THIERS;;27300;BERNAY;02 32 46 23 35;espacesfrbernay@gmail.com;C3;C3 Réseau Direct;R5;Espace IND Zone ADSL;1024588;ESPACE 06;IC08;INDEPENDANTS;AG03;Ouest PGP;Z21;G. Allain;M51;P. Fosse;NON
1028689;MONTELICOM MONTELIMAR;ZONE COMMERCIALE SOLEIL LEVANT;;26200;MONTELIMAR;04 75 98 84 67;sfr.montelimar@sfr.fr;C3;C3 Réseau Direct;R5;Espace IND Zone ADSL;1028689;MONTELICOM MONTELIMAR;IC08;INDEPENDANTS;AG02;Centre-Est PGP;Z08;D. Parent Claude;M17;R. Bodelle;NON
1028720;DETOWIN AUCHY LES MINES;C CIAL CARREFOUR;PORTE DES FLANDRES RN 41;62138;AUCHY LES MINES;03 21 02 49 80;detowin.auchy@detowin.com;C3;C3 Réseau Direct;R5;Espace IND Zone ADSL;1023612;DETOWIN;IC08;INDEPENDANTS;AG05;Nord-Est PGP;Z05;MA. Roquette;M14;M. Lesschave;NON
1029044;MDSL GROUPE LYON;29 COURS FRANKLIN ROOSEVELT;;69006;LYON;04 78 17 79 91;lyon6@espacesfr-mdsl.fr;C3;C3 Réseau Direct;T5;Espace IND Zone THD;1033822;MDSL GROUPE;IC08;INDEPENDANTS;AG02;Centre-Est PGP;Z09;A. Chareyron;M23;S. Benyamina;NON
1029052;COMMERCE 2000 PARIS COMMERCE;56 RUE DU COMMERCE;;75015;PARIS;01 42 50 11 11;espace@commerce-2000.com;C3;C3 Réseau Direct;T5;Espace IND Zone THD;1031354;COMMERCE 2000;IC08;INDEPENDANTS;AG01;Ile-de-France PGP;Z02;D. Sartori;M67;S. Vayn;NON
1029053;E-LOGGER VALENCE;74 RUE MADIER DE MONTJEAU;;26000;VALENCE;04 75 43 08 29;valence@highwayfrance.fr;C3;C3 Réseau Direct;T5;Espace IND Zone THD;1000411;HIGHWAY FRANCE;IC08;INDEPENDANTS;AG02;Centre-Est PGP;Z08;D. Parent Claude;M17;R. Bodelle;NON
1029111;M MOBILE BERGERAC;27 RUE DE LA RESISTANCE;;24100;BERGERAC;05 53 23 50 40;m-mobile@neuf.fr;C3;C3 Réseau Direct;R5;Espace IND Zone ADSL;1029111;M MOBILE BERGERAC;IC08;INDEPENDANTS;AG06;Sud-Ouest PGP;Z12;N. Saint Esteben;M41;V. Queyreix;NON
1029493;VD COM LA ROCHE S YON SUD;ZAC ROCHE SUD;ROND POINT DE TOURNEFOU;85000;LA ROCHE SUR YON;02 51 41 42 17;vdcomrochesud@vdcom.fr;C3;C3 Réseau Direct;S3;EspaceSFR indep 2009;368000;VD COM SAS;IC08;INDEPENDANTS;AG03;Ouest PGP;Z22;Y. Daniel;M53;C. Dupont Mancel;NON
1030398;BREST TELEPHONE PLERIN;C CIAL DU PLATEAU;GALERIE MARCHANDE ESPACE SFR;22190;PLERIN;02 56 44 55 24;espacesfrplerin@sfr.fr;C3;C3 Réseau Direct;R5;Espace IND Zone ADSL;1000432;BREST TELEPHONE;IC08;INDEPENDANTS;AG03;Ouest PGP;Z22;Y. Daniel;M09;P. Quilgars;NON
1030408;DETOWIN ARMENTIERES;27 RUE DE DUNKERQUE;;59280;ARMENTIERES;03 20 35 07 94;detowin.armentieres@detowin.com;C3;C3 Réseau Direct;R5;Espace IND Zone ADSL;1023612;DETOWIN;IC08;INDEPENDANTS;AG05;Nord-Est PGP;Z24;A. Courouble;M12;D. Descatoire;NON
1030740;ATM DISTRIBUTION CAHORS;5 RUE DE L'UNIVERSITE;;46000;CAHORS;05 65 23 97 55;sfrcahors@gmail.com;C3;C3 Réseau Direct;R5;Espace IND Zone ADSL;1030738;ATM DISTRIBUTION;IC08;INDEPENDANTS;AG06;Sud-Ouest PGP;Z12;N. Saint Esteben;M41;V. Queyreix;NON
1030807;BOUCHE A OREILLE PARIS 10;29 RUE DE DUNKERQUE;;75010;PARIS;01 40 16 56 31;sfr1030807@hotmail.fr;C3;C3 Réseau Direct;T5;Espace IND Zone THD;1030807;BOUCHE A OREILLE PARIS 10;IC08;INDEPENDANTS;AG01;Ile-de-France PGP;Z01;S. Morin;M59;M. Passeri;NON
1030816;DIGAME RUEIL MALMAISON;6 RUE JEAN LE COZ;;92500;RUEIL MALMAISON;01 57 69 46 55;espacesfr_rueil@sfr.fr;C3;C3 Réseau Direct;T5;Espace IND Zone THD;1047135;DIGAME;IC08;INDEPENDANTS;AG01;Ile-de-France PGP;Z19;J. Zenou;M65;M. Benhamma;NON
1031397;GI2COM;669 AVENUE VICTOR HUGO;;84400;APT;04 90 04 89 25;espacesfrapt.magasin@gmail.com;C3;C3 Réseau Direct;R5;Espace IND Zone ADSL;1031397;GI2COM;IC08;INDEPENDANTS;AG04;Méditerranée PGP;Z11;L. Limbal;M34;N. Bordji;NON
1031729;TOURAINE LIAISONS RADIO AMBOISE;48 RUE NATIONALE;;37400;AMBOISE;02 47 23 23 24;tlr.amboise@gmail.com;C3;C3 Réseau Direct;V3;Corner Indep 2009;1031445;TOURAINE LIAISONS RADIO;IC08;INDEPENDANTS;AG03;Ouest PGP;Z15;PAP CVR OUEST;M54;N. Ait Ouaret;NON
1031732;JV TELECOM BOIS-COLOMBES;63 RUE DES BOURGUIGNONS;;92270;BOIS COLOMBES;01 47 86 02 00;espace.boisco@sfr.fr;C3;C3 Réseau Direct;T5;Espace IND Zone THD;1031730;JV TELECOM;IC08;INDEPENDANTS;AG01;Ile-de-France PGP;Z19;J. Zenou;M65;M. Benhamma;NON
1031794;COME IN GP MADELEINE ST MALO;2 IMPASSE DE LA HAUTE FUTAIE;ZAC CARREFOUR LA MADELEINE;35400;SAINT MALO;02 99 81 43 01;romain.logette@come-in.fr;C3;C3 Réseau Direct;R5;Espace IND Zone ADSL;1001865;COME IN GRAND PUBLIC;IC08;INDEPENDANTS;AG03;Ouest PGP;Z22;Y. Daniel;M86;S. Allain;NON
1032661;H COM LE HAVRE VAUBAN;CC DOCKS VAUBAN;;76600;LE HAVRE;02 35 26 06 14;y.souday@hubb.fr;C3;C3 Réseau Direct;S3;EspaceSFR indep 2009;1017862;H COM;IC08;INDEPENDANTS;AG03;Ouest PGP;Z21;G. Allain;M55;Y. Thorel;NON
1033536;AU RELAIS TELECOM VENETTE;57 AVENUE DE L'EUROPE;LOT NUMERO 6;60280;VENETTE;03 44 20 21 67;venette.sfr@aurelais.com;C3;C3 Réseau Direct;R5;Espace IND Zone ADSL;1002618;AU RELAIS TELECOM SA;IC08;INDEPENDANTS;AG05;Nord-Est PGP;Z23;F. Groux;M03;O. Lambin;NON
1034210;MOBILE SETE AGDE;ZAC INTERMARCHE;ROUTE DE SETE;34300;AGDE;04 99 41 09 50;sfr.agde@yahoo.fr;C3;C3 Réseau Direct;R5;Espace IND Zone ADSL;1025858;MOBILE SETE;IC08;INDEPENDANTS;AG04;Méditerranée PGP;Z27;N. Salles;M33;A. Villedieu;NON
1034269;CYPERL TARNOS;52 BOULEVARD JACQUES DUCLOS;;40220;TARNOS;05 59 03 33 33;sfrtarnos@yahoo.fr;C3;C3 Réseau Direct;R5;Espace IND Zone ADSL;1034266;CYPERL;IC08;INDEPENDANTS;AG06;Sud-Ouest PGP;Z12;N. Saint Esteben;M85;N.Bardou;NON
1034429;PROCALL CANNES LA BOCCA;95 AVENUE FRANCIS TONNER;;6150;CANNES LA BOCCA;04 93 48 39 00;procall.bocca@gmail.com;C3;C3 Réseau Direct;T5;Espace IND Zone THD;1026719;PROCALL;IC08;INDEPENDANTS;AG04;Méditerranée PGP;Z10;F. Depreeuw;M37;D. Alcantara;NON
1034596;PHONE EXPERT LIMOGES;31 RUE AMEDEE GORDINI;;87280;LIMOGES;05 55 03 73 07;sfr.limoges@phone-expert.net;C3;C3 Réseau Direct;R5;Espace IND Zone ADSL;1034596;PHONE EXPERT LIMOGES;IC08;INDEPENDANTS;AG06;Sud-Ouest PGP;Z13;D. Sauvanet;M43;V. Bernard;NON
1035061;LE CARRE ROUGE SEVRAN;C CIAL BEAUSEVRAN;ROUTE DES PETITS PONTS;93270;SEVRAN;01 43 83 05 11;lecarrerouge.sfr@gmail.com;C3;C3 Réseau Direct;T5;Espace IND Zone THD;1035054;LE CARRE ROUGE;IC08;INDEPENDANTS;AG01;Ile-de-France PGP;Z01;S. Morin;M64;F. Chaudhry;NON
1035260;BJ EXPANSION ONET LE CHATEAU;ZA DE L'ESTRENIOL;;12850;ONET LE CHATEAU;05 65 42 97 39;bj.onet@averontel.com;C3;C3 Réseau Direct;R5;Espace IND Zone ADSL;1036032;BJ EXPANSION;IC08;INDEPENDANTS;AG06;Sud-Ouest PGP;Z26;R. Juan;M39;I. Trift;NON
1035465;COMMERCE 2000 COURCELLES;140 RUE DE COURCELLES;;75017;PARIS;01 40 54 04 04;espace.courcelles@commerce-2000.com;C3;C3 Réseau Direct;T5;Espace IND Zone THD;1031354;COMMERCE 2000;IC08;INDEPENDANTS;AG01;Ile-de-France PGP;Z01;S. Morin;M59;M. Passeri;NON
1035638;DYNAMICOM BLANC MESNIL;192 AVENUE CHARLES FLOQUET;CCIAL PLEIN AIR CELLULE28;93150;LE BLANC MESNIL;01 48 65 43 01;espacesfrblancmesnil@gmail.com;C3;C3 Réseau Direct;T5;Espace IND Zone THD;1035544;DYNAMICOM;IC08;INDEPENDANTS;AG01;Ile-de-France PGP;Z01;S. Morin;M64;F. Chaudhry;NON
1035652;RED CELL MONGE CENSIER;41 RUE CENSIER;;75005;PARIS;01 47 07 08 09;espace.redcell@gmail.com;C3;C3 Réseau Direct;T5;Espace IND Zone THD;1014447;RED CELL;IC08;INDEPENDANTS;AG01;Ile-de-France PGP;Z02;D. Sartori;M67;S. Vayn;NON
1035783;MOZAICOMM PURPAN;C CIAL PURPAN;36 ROUTE DE BAYONNE;31300;TOULOUSE;05 61 16 53 23;sfr.purpan@gmail.com;C3;C3 Réseau Direct;T5;Espace IND Zone THD;1027566;MOZAICOMM;IC08;INDEPENDANTS;AG06;Sud-Ouest PGP;Z26;R. Juan;M42;M. Mouhiddine;NON
1035830;LCT ORTHEZ;36 RUE ARISTIDE BRIAND;;64300;ORTHEZ;05 59 67 15 41;espacesfr.orthez@lct.fr;C3;C3 Réseau Direct;R5;Espace IND Zone ADSL;1022367;LCT;IC08;INDEPENDANTS;AG06;Sud-Ouest PGP;Z12;N. Saint Esteben;M85;N.Bardou;NON
1035864;NOAM ST GINIEZ;74 AVENUE DE MAZARGUES;;13008;MARSEILLE;04 91 22 05 05;stginiez@sfrnoam.fr;C3;C3 Réseau Direct;T5;Espace IND Zone THD;1024941;NOAM TDG;IC08;INDEPENDANTS;AG04;Méditerranée PGP;Z11;L. Limbal;M28;L. Cusimano;NON
1035940;COLMAR TELECOM;8 RUE DES BOULANGERS;;68000;COLMAR;03 89 41 43 99;colmar.telecom@gmail.com;C3;C3 Réseau Direct;S3;EspaceSFR indep 2009;1001883;FISCHER TELECOM SAS;IC08;INDEPENDANTS;AG05;Nord-Est PGP;Z28;T. Pilet;M80;N. Bader;NON
1036221;DSM LA SOUTERRAINE;C CIAL LECLERC;AVENUE JEAN JAURES;23300;LA SOUTERRAINE;05 55 89 17 80;mezeguer.remi@yahoo.fr;C3;C3 Réseau Direct;3I;EspaceSFR indep Nv.E;1026817;DSM;IC08;INDEPENDANTS;AG06;Sud-Ouest PGP;Z13;D. Sauvanet;M43;V. Bernard;NON
1036245;LCT GAILLAC;C CIAL LECLERC;ROUTE DE TOULOUSE;81600;GAILLAC;05 63 81 47 83;espacesfr.gaillac@lct.fr;C3;C3 Réseau Direct;R5;Espace IND Zone ADSL;1022367;LCT;IC08;INDEPENDANTS;AG06;Sud-Ouest PGP;Z26;R. Juan;M39;I. Trift;NON
1036482;CORSE GSM PROPRIANO;C CIAL CASINO;;20110;PROPRIANO;04 95 76 87 73;agence20@corsegsm.com;C3;C3 Réseau Direct;R5;Espace IND Zone ADSL;1011560;CORSE GSM / SOCODI;IC08;INDEPENDANTS;AG04;Méditerranée PGP;Z10;F. Depreeuw;M37;D. Alcantara;NON
1036549;ESPACE 06 GRAND QUEVILLY;C CIAL HYPER U CASE No 7;;76120;LE GRAND QUEVILLY;09 67 13 24 02;espace06.grand.quevilly@gmail.com;C3;C3 Réseau Direct;R5;Espace IND Zone ADSL;1024588;ESPACE 06;IC08;INDEPENDANTS;AG03;Ouest PGP;Z21;G. Allain;M55;Y. Thorel;NON
1036722;ATLANTEL COMMUNICATION ST NAZAIRE;53 AVENUE DE LA REPUBLIQUE;;44600;SAINT NAZAIRE;02 40 53 47 01;saint-nazaire@atlantelcom.fr;C3;C3 Réseau Direct;R5;Espace IND Zone ADSL;1036718;ATLANTEL COMMUNICATION;IC08;INDEPENDANTS;AG03;Ouest PGP;Z22;Y. Daniel;M81;C. Jaud;NON
1036732;ATLANTEL COMMUNICATION VANNES;RUE ARISTIDE BOUCICAUT- BAT A;ESPACE COPERNIC II - PARKING FLY;56000;VANNES;02 97 49 95 19;vannes@atlantelcom.fr;C3;C3 Réseau Direct;R5;Espace IND Zone ADSL;1036718;ATLANTEL COMMUNICATION;IC08;INDEPENDANTS;AG03;Ouest PGP;Z22;Y. Daniel;M86;S. Allain;NON
1036737;BREST TELEPHONE AURAY;41 PLACE DE LA REPUBLIQUE;;56400;AURAY;02 97 56 38 97;michaelcunin@sfr.fr;C3;C3 Réseau Direct;S3;EspaceSFR indep 2009;1000432;BREST TELEPHONE;IC08;INDEPENDANTS;AG03;Ouest PGP;Z22;Y. Daniel;M86;S. Allain;NON
1036865;AB COM 2000 SAINT MAUR DES FOSSES;100 BOULEVARD DE CRETEIL;;94100;SAINT MAUR DES FOSSES;01 48 85 72 30;espace.smaur@abcom2000.com;C3;C3 Réseau Direct;T5;Espace IND Zone THD;1004536;AB COM 2000;IC08;INDEPENDANTS;AG01;Ile-de-France PGP;Z02;D. Sartori;M69;A. Marcel;NON
1039614;CORSE GSM AJACCIO;C CIAL CARREFOUR;22 COURS NAPOLEON;20090;AJACCIO;04 95 76 22 03;agence19@corsegsm.com;C3;C3 Réseau Direct;D3;Dist SFR PDM 2010;1011560;CORSE GSM / SOCODI;IC08;INDEPENDANTS;AG04;Méditerranée PGP;Z10;F. Depreeuw;M37;D. Alcantara;NON
1039661;AB COM 2000 CHARENTON LE PONT;69 RUE DE PARIS;;94220;CHARENTON LE PONT;01 56 29 38 00;espace.charenton@abcom2000.com;C3;C3 Réseau Direct;T5;Espace IND Zone THD;1004536;AB COM 2000;IC08;INDEPENDANTS;AG01;Ile-de-France PGP;Z02;D. Sartori;M69;A. Marcel;NON
1039697;LOGA PROTECH NOGENT;92 GRANDE RUE CHARLES DE GAULLE;;94130;NOGENT SUR MARNE;01 41 79 15 00;sfrnogent@gmail.com;C3;C3 Réseau Direct;T5;Espace IND Zone THD;1039694;LOGA PRO TECH SON;IC08;INDEPENDANTS;AG01;Ile-de-France PGP;Z02;D. Sartori;M69;A. Marcel;NON
1046912;VEGA DIFFUSION TOULON B STRASBOURG;13 BD DE STRASBOURG  BP 5533;;83097;TOULON CEDEX;04 94 24 39 45;sfrtoulon@gmail.com;C3;C3 Réseau Direct;T5;Espace IND Zone THD;1023476;VEGA DIFFUSION;IC08;INDEPENDANTS;AG04;Méditerranée PGP;Z16;S. Mattei;M29;M. Castaldo;NON
1046913;VEGA DIFFUSION TOULON MAYOL;C CIAL MAYOL;;83000;TOULON;04 94 41 51 00;sfrmayol@sfr.fr;C3;C3 Réseau Direct;T5;Espace IND Zone THD;1023476;VEGA DIFFUSION;IC08;INDEPENDANTS;AG04;Méditerranée PGP;Z16;S. Mattei;M29;M. Castaldo;NON
1046953;MOBILE SETE PERPIGNAN VAUBAN;29 QUAI VAUBAN;;66000;PERPIGNAN;04 68 34 24 80;secretariat.sfrperpignan@yahoo.fr;C3;C3 Réseau Direct;T5;Espace IND Zone THD;1012010;MOBILE SETE PERPIGNAN;IC08;INDEPENDANTS;AG04;Méditerranée PGP;Z27;N. Salles;M33;A. Villedieu;NON
1046956;MOBILE SETE PERPIGNAN CATALOGNE;2 PLACE DE CATALOGNE;;66000;PERPIGNAN;04 68 73 76 09;secretariat.sfrperpignan@yahoo.fr;C3;C3 Réseau Direct;T5;Espace IND Zone THD;1012010;MOBILE SETE PERPIGNAN;IC08;INDEPENDANTS;AG04;Méditerranée PGP;Z27;N. Salles;M33;A. Villedieu;NON
1046971;HCOMC FECAMP;45 RUE JACQUES HUET;;76400;FECAMP;02 27 30 21 30;g.bilet@hcomc.fr;C3;C3 Réseau Direct;S3;EspaceSFR indep 2009;1047224;HCOMC FECAMP;IC08;INDEPENDANTS;AG03;Ouest PGP;Z21;G. Allain;M55;Y. Thorel;NON
1047134;DISTRIBUTEUR PDM GHISONACCIA;C CIAL LECLERC;;20240;GHISONACCIA;04 95 60 60 90;agence18@corsegsm.com;C3;C3 Réseau Direct;D3;Dist SFR PDM 2010;1011560;CORSE GSM / SOCODI;IC08;INDEPENDANTS;AG04;Méditerranée PGP;Z10;F. Depreeuw;M37;D. Alcantara;NON
1047163;DIGAME MONTIGNY;167BIS BD VICTOR BORDIER;;95370;MONTIGNY LES CORMEILLES;01 39 97 19 56;espacesfr.montigny@sfr.fr;C3;C3 Réseau Direct;R5;Espace IND Zone ADSL;1047135;DIGAME;IC08;INDEPENDANTS;AG01;Ile-de-France PGP;Z02;D. Sartori;M56;A. Maje;NON
1047171;SMARTLOG REIMS;1 RUE EN MEMOIRE DES HARKIS;;51100;REIMS;03 10 57 18 00;contact.smartlog@gmail.com;C3;C3 Réseau Direct;T5;Espace IND Zone THD;1047282;SMARTLOG REIMS;IC08;INDEPENDANTS;AG05;Nord-Est PGP;Z23;F. Groux;M04;N. Martel;NON
1047191;TIM TELECOM;8 RUE DU FOUR BANAL;;57100;THIONVILLE;03 82 53 14 18;tim.thionville@gmail.com;C3;C3 Réseau Direct;R5;Espace IND Zone ADSL;1047275;TIM TELECOM;IC08;INDEPENDANTS;AG05;Nord-Est PGP;Z07;G. Dommain;M77;G. Lacoste;NON
1047217;LCT AUCH;6 RUE D'ALSACE;;32000;AUCH;05 62 60 34 84;espacesfr.auch@lct.fr;C3;C3 Réseau Direct;R5;Espace IND Zone ADSL;1022367;LCT;IC08;INDEPENDANTS;AG06;Sud-Ouest PGP;Z26;R. Juan;M40;L. Pravie;NON
1047234;FD.COM CARPENTRAS;307 AVENUE FRÉDÉRIC MISTRAL;;84200;CARPENTRAS;04 90 67 08 86;espacesfr_carpentras@sfr.fr;C3;C3 Réseau Direct;T5;Espace IND Zone THD;1047284;FD.COM CARPENTRAS;IC08;INDEPENDANTS;AG04;Méditerranée PGP;Z16;S. Mattei;M27;D. Laurent;NON
1047419;LGC.TOURCOING;7 RUE DE TOURNAI;;59200;TOURCOING;03 20 28 82 56;espacesfr.tourcoing@lgc-tourcoing.fr;C3;C3 Réseau Direct;T5;Espace IND Zone THD;1047417;LGC.TOURCOING;IC08;INDEPENDANTS;AG05;Nord-Est PGP;Z24;A. Courouble;M10;C. Vidallet;NON
1047423;PLANETE TELECOM COULOMMIERS;6 RUE BEAUREPAIRE;;77120;COULOMMIERS;01 64 03 85 05;rpv.coulommiers@foxtelecom.fr;C3;C3 Réseau Direct;R5;Espace IND Zone ADSL;1001061;PLANETE TELECOM;IC08;INDEPENDANTS;AG01;Ile-de-France PGP;Z19;J. Zenou;M70;A. Fakhour;NON
1047558;PERTUIS TELECOM;1093 ROUTE D'AIX EN PROVENCE;;84120;PERTUIS;04 90 09 10 14;espacesfr.pertuis@gmail.com;C3;C3 Réseau Direct;R5;Espace IND Zone ADSL;1047556;PERTUIS TELECOM;IC08;INDEPENDANTS;AG04;Méditerranée PGP;Z11;L. Limbal;M34;N. Bordji;NON
1047627;JV TELECOM CLICHY;90 BOULEVARD JEAN JAURES;;92110;CLICHY;01 42 70 14 08;espace.clichy@sfr.fr;C3;C3 Réseau Direct;T5;Espace IND Zone THD;1031730;JV TELECOM;IC08;INDEPENDANTS;AG01;Ile-de-France PGP;Z02;D. Sartori;M68;G. Bricard;NON
1047628;JV TELECOM ASNIERES;5 RUE PIERRE BROSSOLETTE;;92600;ASNIERES SUR SEINE;01 41 11 01 74;espace.asnieres@sfr.fr;C3;C3 Réseau Direct;T5;Espace IND Zone THD;1031730;JV TELECOM;IC08;INDEPENDANTS;AG01;Ile-de-France PGP;Z19;J. Zenou;M65;M. Benhamma;NON
1047727;B&J MONTAUBAN BESSIERES;18 RUE BESSIERES;;82000;MONTAUBAN;05 63 20 19 21;bj.bessieres@averontel.com;C3;C3 Réseau Direct;T5;Espace IND Zone THD;1047700;B&J MONTAUBAN;IC08;INDEPENDANTS;AG06;Sud-Ouest PGP;Z26;R. Juan;M39;I. Trift;
1047729;B&J MONTAUBAN RESISTANCE;15 RUE DE LA RÉSISTANCE;;82000;MONTAUBAN;05 63 03 58 81;bj.resist@averontel.com;C3;C3 Réseau Direct;3I;EspaceSFR indep Nv.E;1047700;B&J MONTAUBAN;IC08;INDEPENDANTS;AG06;Sud-Ouest PGP;Z26;R. Juan;M39;I. Trift;NON
1047862;SMS MONTROUGE;71 AVENUE DE LA REPUBLIQUE;;92120;MONTROUGE;08 11 46 20 46;alan.ncpro@gmail.com;C3;C3 Réseau Direct;T5;Espace IND Zone THD;1050259;STRATEGIES MANAGEMENT ET SERVICES;IC08;INDEPENDANTS;AG01;Ile-de-France PGP;Z18;P. Kim;M62;JT. Louis Charles;OUI
1047870;ZAP NANTES ORLEANS;3 ALLEE D'ORLEANS;;44000;NANTES;02 49 44 45 47;boutiquenanteshd@gmail.com;C3;C3 Réseau Direct;T5;Espace IND Zone THD;1050276;ZAP NANTES;IC08;INDEPENDANTS;AG03;Ouest PGP;Z22;Y. Daniel;M81;C. Jaud;OUI
1047872;SMS ITALIE;55 AVENUE D'ITALIE;;75013;PARIS;08 11 46 20 46;stephane.miquel@s-m-s.fr;C3;C3 Réseau Direct;T5;Espace IND Zone THD;1050259;STRATEGIES MANAGEMENT ET SERVICES;IC08;INDEPENDANTS;AG01;Ile-de-France PGP;Z06;O. Fernandes;M61;S. El Korbi;OUI
1047874;SMS ANTONY;12 AVENUE ARISTIDE BRIAND;;92160;ANTONY;08 11 46 20 46;bellahcenm@gmail.com;C3;C3 Réseau Direct;T5;Espace IND Zone THD;1050259;STRATEGIES MANAGEMENT ET SERVICES;IC08;INDEPENDANTS;AG01;Ile-de-France PGP;Z18;P. Kim;M62;JT. Louis Charles;OUI
1047875;SMS MONTPARNASSE;116 BOULEVARD DU MONTPARNASSE;;75014;PARIS;08 11 46 20 46;oueriemmi.f@hotmail.fr;C3;C3 Réseau Direct;T5;Espace IND Zone THD;1050259;STRATEGIES MANAGEMENT ET SERVICES;IC08;INDEPENDANTS;AG01;Ile-de-France PGP;Z06;O. Fernandes;M60;D. Cochet;OUI
1047877;CONNECTING STORE CHELLES;13 AVENUE DU MARECHAL FOCH;;77500;CHELLES;08 11 46 20 46;;C3;C3 Réseau Direct;T5;Espace IND Zone THD;1050219;CONNECTING STORE;IC08;INDEPENDANTS;AG01;Ile-de-France PGP;Z19;J. Zenou;M74;J. Bertout;OUI
1047880;DSV CHATOU;11 AVENUE DU MARECHAL FOCH;;78400;CHATOU;01 39 52 05 65;sfr.chatou@gmail.com;C3;C3 Réseau Direct;T5;Espace IND Zone THD;1050278;DECORS SIGNALETIQUE VIDEO SARL;IC08;INDEPENDANTS;AG01;Ile-de-France PGP;Z01;S. Morin;M63;Y. Ahsinat;OUI
1047894;S2FM FLANDRE;87 AVENUE DE FLANDRE;;75019;PARIS;01 77 15 77 19;fslimane@s2fm.fr;C3;C3 Réseau Direct;T5;Espace IND Zone THD;1050280;S2FM;IC08;INDEPENDANTS;AG01;Ile-de-France PGP;Z18;P. Kim;M62;JT. Louis Charles;OUI
1047901;POWA MULTIMEDIA HENIN BEAUMONT;75 RUE DE L'ABBAYE;;62110;HÉNIN-BEAUMONT;08 11 46 20 46;michel.pora@Powamultimedia.fr;C3;C3 Réseau Direct;T5;Espace IND Zone THD;1050282;POWA MULTIMEDIA;IC08;INDEPENDANTS;AG05;Nord-Est PGP;Z24;A. Courouble;M12;D. Descatoire;OUI
1047907;DAMONET TALENCE;311 COURS DE LA LIBERATION;;33400;TALENCE;08 11 46 20 46;sfrtalence@gmail.com;C3;C3 Réseau Direct;T5;Espace IND Zone THD;1050284;DAMONET;IC08;INDEPENDANTS;AG06;Sud-Ouest PGP;Z12;N. Saint Esteben;M38;B. Pilat;OUI
1047908;CALL SAT VILLENEUVE-D'ASCQ;91 BOULEVARD DE VALMY;;59650;VILLENEUVE D'ASCQ;08 11 46 20 46;;C3;C3 Réseau Direct;T5;Espace IND Zone THD;1050286;CALL SAT;IC08;INDEPENDANTS;AG05;Nord-Est PGP;Z24;A. Courouble;M10;C. Vidallet;OUI
1047909;CALL SAT LAMBERSART;238 AVENUE DE DUNKERQUE;;59000;LAMBERSART;08 11 46 20 46;;C3;C3 Réseau Direct;T5;Espace IND Zone THD;1050286;CALL SAT;IC08;INDEPENDANTS;AG05;Nord-Est PGP;Z24;A. Courouble;M12;D. Descatoire;OUI
1047910;TINTHURLIE MARCQ EN BAROEUL;28 RUE NATIONALE;;59700;MARCQ EN BAROEUL;03 66 64 65 80;sfr.marcq@sfr.fr;C3;C3 Réseau Direct;T5;Espace IND Zone THD;1050217;TINTHURLIE;IC08;INDEPENDANTS;AG05;Nord-Est PGP;Z24;A. Courouble;M12;D. Descatoire;NON
1047911;ZAP NORD CAEN;9 AVENUE DU 6 JUIN;;14000;CAEN;02 31 79 87 04;boutiquecaen@zapping-numerique.fr;C3;C3 Réseau Direct;T5;Espace IND Zone THD;1050288;ZAP NORD;IC08;INDEPENDANTS;AG03;Ouest PGP;Z21;G. Allain;M49;S. Menin;OUI
1047919;TINTHURLIE CROIX;31 RUE DE LA GARE;;59170;CROIX;03 66 96 42 11;sfr.croix@sfr.fr;C3;C3 Réseau Direct;T5;Espace IND Zone THD;1050217;TINTHURLIE;IC08;INDEPENDANTS;AG05;Nord-Est PGP;Z24;A. Courouble;M12;D. Descatoire;NON
1047928;GRYSBI SURESNES;56 AVENUE JEAN JAURES;;92150;SURESNES;01 45 06 29 58;boutique.suresnes@numericable.fr;C3;C3 Réseau Direct;T5;Espace IND Zone THD;1050315;GRYSBI;IC08;INDEPENDANTS;AG01;Ile-de-France PGP;Z19;J. Zenou;M65;M. Benhamma;OUI
1047941;HD7 LYON JAURES;74 RUE SALOMON REINACH;;69007;LYON;07 68 79 23 99;karine.gasparovic@numericable.fr;C3;C3 Réseau Direct;T5;Espace IND Zone THD;1050313;HD7;IC08;INDEPENDANTS;AG02;Centre-Est PGP;Z08;D. Parent Claude;M15;A. Mallet;OUI
1047954;FIBRE AND COM ECHIROLLES;48 AVENUE DU 8 MAI 1945;;38130;ECHIROLLES;08 11 46 20 46;ayaovi.fibreandcom@gmail.com;C3;C3 Réseau Direct;T5;Espace IND Zone THD;1050311;FIBRE AND COM;IC08;INDEPENDANTS;AG02;Centre-Est PGP;Z08;D. Parent Claude;M18;N. Manai Fayollat;OUI
1047955;FIBRETEL LYON VALMY;PLACE VALMY;;69009;LYON;04 26 64 15 45;LYON-VALMY@FIBRETEL.FR;C3;C3 Réseau Direct;T5;Espace IND Zone THD;1050294;FIBRETEL;IC08;INDEPENDANTS;AG02;Centre-Est PGP;Z09;A. Chareyron;M21;V. Martin;OUI
1048989;JETTEL SAINT DIZIER;17 RUE DU DOCTEUR MOUGEOT;;52100;SAINT DIZIER;03 25 05 50 28;espacesfr.stdizier@jettel.fr;C3;C3 Réseau Direct;R5;Espace IND Zone ADSL;1001891;JETTEL;IC08;INDEPENDANTS;AG05;Nord-Est PGP;Z25;A. Laroche;M02;A. Cinari;NON
1048999;DETOWIN ST OMER;C CIAL AUCHAN LONGUENESSE;RIVES DE l'AA - ZAC DES FRAIS FONDS;62219;LONGUENESSE;03 21 98 72 99;detowin.saintomer@detowin.com;C3;C3 Réseau Direct;R5;Espace IND Zone ADSL;1023612;DETOWIN;IC08;INDEPENDANTS;AG05;Nord-Est PGP;Z05;MA. Roquette;M14;M. Lesschave;NON
1049819;COMMERCE 2000 RUE DE SEVRES;79 RUE DE SEVRES;;75006;PARIS 06;01 80 98 01 98;espace.sevres@abcom2000.com;C3;C3 Réseau Direct;T5;Espace IND Zone THD;1031354;COMMERCE 2000;IC08;INDEPENDANTS;AG01;Ile-de-France PGP;Z02;D. Sartori;M67;S. Vayn;NON
1049828;COMMERCE 2000 BVD SAINT MICHEL;36 BOULEVARD SAINT MICHEL;;75006;PARIS 06;01 80 98 01 99;espace.smichel@abcom2000.com;C3;C3 Réseau Direct;T5;Espace IND Zone THD;1031354;COMMERCE 2000;IC08;INDEPENDANTS;AG01;Ile-de-France PGP;Z02;D. Sartori;M67;S. Vayn;NON
1049832;SOCIETE NOUVELLE CALL'SAT CLICHY;50 AVENUE DE CLICHY;;75018;PARIS 18;01 84 05 98 15;stephanecanot@mac.com;C3;C3 Réseau Direct;T5;Espace IND Zone THD;1049830;NOUVELLE CALL'SAT;IC08;INDEPENDANTS;AG01;Ile-de-France PGP;Z01;S. Morin;M59;M. Passeri;NON
1049927;ROUGE COMMUNICATION LYON;26 GRANDE RUE DE LA CROIX ROUSSE;;69004;LYON 04;04 78 27 08 64;croix-rousse@grouperouge.com;C3;C3 Réseau Direct;T5;Espace IND Zone THD;1023397;ROUGE COMMUNICATION;IC08;INDEPENDANTS;AG02;Centre-Est PGP;Z09;A. Chareyron;M21;V. Martin;NON
1050067;L&V MARIGNANE;C CIAL INTERMARCHE;AVENUE DU 8 MAI 1945;13700;MARIGNANE;04 42 09 61 92;marion.ciscar@sfr.fr;C3;C3 Réseau Direct;T5;Espace IND Zone THD;1050068;L&V;IC08;INDEPENDANTS;AG04;Méditerranée PGP;Z16;S. Mattei;M87;M. Gonzalez;NON
1050146;NOAM MONTAIGNE;93 RUE MONTAIGNE;;13012;MARSEILLE;04 91 34 00 36;montaigne@sfrnoam.fr;C3;C3 Réseau Direct;T5;Espace IND Zone THD;1024941;NOAM TDG;IC08;INDEPENDANTS;AG04;Méditerranée PGP;Z11;L. Limbal;M28;L. Cusimano;NON
1050147;NOAM CROIX ROUGE;C CIAL LA CROIX ROUGE;BOULEVARD MARCEL DELPRAT;13013;MARSEILLE;04 91 05 36 36;croixrouge@sfrnoam.fr;C3;C3 Réseau Direct;T5;Espace IND Zone THD;1024941;NOAM TDG;IC08;INDEPENDANTS;AG04;Méditerranée PGP;Z11;L. Limbal;M28;L. Cusimano;NON
1050188;ZAP RENNES;20 RUE DE NEMOURS;;35000;RENNES;02 99 77 93 76;rennesnemours@zapping-numerique.fr;C3;C3 Réseau Direct;T5;Espace IND Zone THD;1050187;ZAP RENNES;IC08;INDEPENDANTS;AG03;Ouest PGP;Z22;Y. Daniel;M09;P. Quilgars;NON
